<?xml version="1.0" encoding="UTF-8"?>
<!-- Definition of new Model -->

<!-- The important part here is the name - Note: the use of the my: namespace
     which is defined further on in the document -->
<model name="albprt2:AlboPretorio2Model" xmlns="http://www.alfresco.org/model/dictionary/1.0">

   <!-- Optional meta-data about the model -->   
   <description>Modello Per Albo Pretorio ABD V2</description>
   <author>Antica Bottega Digitale</author>
   <version>2.0</version>

   <!-- Imports are required to allow references to definitions in other models -->   
   <imports>
   	  <!-- Import Alfresco Dictionary Definitions -->
      <import uri="http://www.alfresco.org/model/dictionary/1.0" prefix="d"/>
      <!-- Import Alfresco Content Domain Model Definitions -->
      <import uri="http://www.alfresco.org/model/content/1.0" prefix="cm"/>
   </imports>

   <!-- Introduction of new namespaces defined by this model -->
   <!-- NOTE: The following namespace my.new.model should be changed to reflect your own namespace -->
   <namespaces>
      <namespace uri="extension.alfresco.abd.alboPretorio2" prefix="albprt2"/>
   </namespaces>
   
   <aspects>
   		<aspect name="albprt2:pubblicazioneAlboPretorio">
   			<title>(V2) Fascicolo di Pubblicazione nell'Albo Pretorio</title>
   			<properties>
	        	<property name="albprt2:abstract">
					<title>Sintesi Documento</title>
					<type>d:text</type>
					<index enabled="true"> 
	      				<atomic>true</atomic> 
	      				<stored>false</stored> 
	      				<tokenised>both</tokenised> 
	      			</index>
				</property>
				<property name="albprt2:dataPubblicazione">
					<title>Data Pubblicazione</title>
					<type>d:datetime</type>
				</property>
				<property name="albprt2:numeroGiorniPubblicazione">
					<title>Numero Giorni Pubblicazione</title>
					<type>d:text</type>
					<index enabled="true"> 
	      				<atomic>true</atomic> 
	      				<stored>false</stored> 
	      				<tokenised>both</tokenised> 
	      			</index>
				</property>
				<property name="albprt2:dataFinePubblicazione">
					<title>Data Fine Pubblicazione</title>
					<type>d:datetime</type>
				</property>
			</properties>
   		</aspect>
   
   		<aspect name="albprt2:documentoAlboPretorio">
	        <title>(V2) Documento Albo Pretorio</title>
	        <properties>
				<property name="albprt2:riservatezzaDocumento">
					<title>Flag di Riservatezza</title>
					<type>d:boolean</type>
				</property>
				<property name="albprt2:motivazioneRiservatezzaDocumento">
					<title>Motivazione della Riservatezza</title>
					<type>d:text</type>
				</property>
	        </properties>
   		</aspect>
   		
   		<aspect name="albprt2:allegatoAlboPretorio">
			<title>(V2) Allegato a Documento di Albo Pretorio</title>
			<properties>
				<property name="albprt2:riservatezzaAllegato">
					<title>Flag Riservatezza</title>
					<type>d:boolean</type>
				</property>
				<property name="albprt2:motivazioneRiservatezzaAllegato">
					<title>Motivazione della riservatezza</title>
					<type>d:text</type>
				</property>
			</properties>
		</aspect>
   </aspects>
</model>      