<?xml version="1.0" encoding="UTF-8"?>

<model name="cons:ConservazioneModel" xmlns="http://www.alfresco.org/model/dictionary/1.0">
   <description></description>
   <author></author>
   <version>1.0</version>

   <imports>
      <import uri="http://www.alfresco.org/model/dictionary/1.0" prefix="d"/>
      <import uri="http://www.alfresco.org/model/content/1.0" prefix="cm"/>
   </imports>

   <namespaces>
      <namespace uri="extension.alfrescoConservazione" prefix="cons"/>
   </namespaces>
   
    <aspects>
    	<aspect name="cons:nonRimuovereConservazione">
    		<title>Aspect - Non rimuovere Conservazione</title>
    	</aspect>
    	<aspect name="cons:allegatoDaConservare">
    		<title>Aspect - Allegato Da Conservare</title>
    	</aspect>
		<aspect name="cons:daConservare">
			<title>Aspect Da Conservare</title>
			<properties>
				<property name="cons:riferimento_volume_daConservare">
					<title>Riferimento Volume da Conservare</title>
	      			<type>d:text</type>
	      			<index enabled="false" />
	      		</property>
	      		<property name="cons:errore_validazione">
	      			<title>Errore di Validazione</title>
	      			<type>d:text</type>
	      			<index enabled="false" />
	      		</property>
	      		<property name="cons:tipo_volume_target">
	      			<title>Tipologia Volume</title>
	      			<type>d:text</type>
	      			<index enabled="true"> 
	      				<atomic>true</atomic> 
	      				<stored>false</stored> 
	      				<tokenised>both</tokenised> 
	      			</index>
	      		</property>
			</properties>
		</aspect>
		
		<aspect name="cons:conservazione">
			<title>Aspect di Conservazione</title>
			<properties>
				<property name="cons:riferimento_volume_conservazione">
					<title>Riferimento Volume Conservato</title>
	      			<type>d:text</type>
	      			<index enabled="true"> 
	      				<atomic>true</atomic> 
	      				<stored>false</stored> 
	      				<tokenised>both</tokenised> 
	      			</index>
	      		</property>
	      		<property name="cons:node_id_volume_conservazione">
					<title>NodeId Volume Conservato</title>
	      			<type>d:text</type>
	      			<index enabled="false" />
	      		</property>
				<property name="cons:data_conservazione">
					<title>Data Conservazione</title>
	      			<type>d:datetime</type>
	      		</property>
				<property name="cons:impronta_hash">
					<title>Impronta</title>
	      			<type>d:text</type>
	      			<index enabled="true"> 
	      				<atomic>true</atomic> 
	      				<stored>false</stored> 
	      				<tokenised>both</tokenised> 
	      			</index>
	      		</property>
	      		<property name="cons:errore_conservazione">
	      			<title>Errore di Conservazione</title>
	      			<type>d:text</type>
	      			<index enabled="false" /> 
	      		</property>
	      		<property name="cons:contenuto_nel_volume">
	      			<title>Contenuto nel Volume</title>
	      			<type>d:boolean</type>
	      			<index enabled="false" />
	      		</property>
			</properties>
		</aspect>
		
		<aspect name="cons:volume">
			<title>Aspect di Volume</title>
			<properties>
				<property name="cons:codice_volume">
					<title>Codice</title>
	      			<type>d:text</type>
	      			<index enabled="true"> 
	      				<atomic>true</atomic> 
	      				<stored>false</stored> 
	      				<tokenised>both</tokenised> 
	      			</index>
	      		</property>
	      		<property name="cons:tipologia_volume">
	      			<title>Tipologia</title>
	      			<type>d:text</type>
	      			<index enabled="true"> 
	      				<atomic>true</atomic> 
	      				<stored>false</stored> 
	      				<tokenised>both</tokenised> 
	      			</index>
	      		</property>
	      		<property name="cons:creatore_volume">
	      			<title>Creatore Volume</title>
	      			<type>d:text</type>
	      			<index enabled="true"> 
	      				<atomic>true</atomic> 
	      				<stored>false</stored> 
	      				<tokenised>both</tokenised> 
	      			</index>
	      		</property>
	      		<property name="cons:data_creazione_volume">
	      			<title>Creazione Volume</title>
	      			<type>d:datetime</type>
	      		</property>
	      		<property name="cons:data_generazione_xml_volume">
	      			<title>Generazione XML Volume</title>
	      			<type>d:datetime</type>
	      		</property>
	      		<property name="cons:data_firma_volume">
	      			<title>Data Firma</title>
	      			<type>d:datetime</type>
	      		</property>
	      		<property name="cons:data_generazione_zip_volume">
	      			<title>Generazione Pacchetto</title>
	      			<type>d:datetime</type>
	      		</property>
				<property name="cons:data_ultimo_invio_conservazione_volume">
					<title>Ultimo Invio Conservazione</title>
	      			<type>d:datetime</type>
	      		</property>
	      		<property name="cons:data_conferma_conservazione_volume">
	      			<title>Conferma Conservazione</title>
	      			<type>d:datetime</type>
	      		</property>
				<property name="cons:nodi_version_conservati_volume">
					<title>Elenco Nodi Conservati (versioni)</title>
	      			<type>d:text</type>
	      			<multiple>true</multiple>
	      			<index enabled="false" />
	      		</property>
	      		<property name="cons:nodi_conservati_volume">
	      			<title>Elenco Nodi Conservati</title>
	      			<type>d:text</type>
	      			<multiple>true</multiple>
	      			<index enabled="false" />
	      		</property>
	      		<property name="cons:node_ref_zip_volume">
	      			<title>Riferimento ZIP volume</title>
	      			<type>d:text</type>
	      			<multiple>true</multiple>
	      			<index enabled="false" />
	      		</property>
	      		<property name="cons:stato_volume">
	      			<title>Stato</title>
	      			<type>d:text</type>
	      			<index enabled="true"> 
	      				<atomic>true</atomic> 
	      				<stored>false</stored> 
	      				<tokenised>both</tokenised> 
	      			</index>
	      		</property>
	      		<property name="cons:errore_volume">
	      			<title>Errore</title>
	      			<type>d:text</type>
	      			<index enabled="false" />
	      		</property>
	      		<property name="cons:warn_volume">
	      			<title>Warning</title>
	      			<type>d:text</type>
	      			<index enabled="false" />
	      		</property>
	      		<property name="cons:dimensione_contenuti_volume">
	      			<title>Dimensione Contenuti</title>
	      			<type>d:long</type>
	      		</property>
	      		<property name="cons:dimensione_indice_volume">
	      			<title>Dimensione Indice</title>
	      			<type>d:long</type>
	      		</property>
	      		<property name="cons:dimensione_zip_volume">
	      			<title>Dimensione Zip</title>
	      			<type>d:long</type>
	      		</property>
			</properties>
		</aspect>
		
		<aspect name="cons:invio_conservazione">
			<title>Aspect di Invio Volume in Conservazione</title>
			<properties>
				<property name="cons:provider_invio_conservazione">
					<title>Provider Invio Conservazione</title>
	      			<type>d:text</type>
	      			<index enabled="true"> 
	      				<atomic>true</atomic> 
	      				<stored>false</stored> 
	      				<tokenised>both</tokenised> 
	      			</index>
	      		</property>
	      		<property name="cons:provider_conferma_invio_conservazione">
	      			<title>Provider Conferma Invio Conservazione</title>
	      			<type>d:text</type>
	      			<index enabled="true"> 
	      				<atomic>true</atomic> 
	      				<stored>false</stored> 
	      				<tokenised>both</tokenised> 
	      			</index>
	      		</property>
	      		<property name="cons:inviato_invio_conservazione">
	      			<title>Inviato Conservazione</title>
	      			<type>d:boolean</type>
	      		</property>
	      		<property name="cons:invio_in_corso_invio_conservazione">
	      			<title>Invio in Corso</title>
	      			<type>d:boolean</type>
	      		</property>
	      		<property name="cons:riprova_invio_conservazione">
	      			<title>Ritenta Invio</title>
	      			<type>d:boolean</type>
	      		</property>
	      		<property name="cons:tentativi_invio_conservazione">
	      			<title>N. Tentativi Invio</title>
	      			<type>d:int</type>
	      			<default>0</default>
	      		</property>
	      		<property name="cons:errore_invio_conservazione">
	      			<title>Errore Invio</title>
	      			<type>d:text</type>
	      			<index enabled="true"> 
	      				<atomic>true</atomic> 
	      				<stored>false</stored> 
	      				<tokenised>both</tokenised> 
	      			</index>
	      		</property>
			</properties>
		</aspect>
		
		<aspect name="cons:recupero_da_conservazione">
			<title>Aspect di Recupero da Conservazione</title>
			<properties>
				<property name="cons:provider_recupero_da_conservazione">
					<title>Provider Recupero</title>
	      			<type>d:text</type>
	      			<index enabled="true"> 
	      				<atomic>true</atomic> 
	      				<stored>false</stored> 
	      				<tokenised>both</tokenised> 
	      			</index>
	      		</property>
	      		<property name="cons:provider_conferma_recupero_da_conservazione">
	      			<title>Provider Conferma Recupero</title>
	      			<type>d:text</type>
	      			<index enabled="true"> 
	      				<atomic>true</atomic> 
	      				<stored>false</stored> 
	      				<tokenised>both</tokenised> 
	      			</index>
	      		</property>
	      		<property name="cons:recuperato_recupero_da_conservazione">
	      			<title>Recuperato</title>
	      			<type>d:boolean</type>
	      		</property>
	      		<property name="cons:recupero_in_corso_recupero_da_conservazione">
	      			<title>Recuper in Corso</title>
	      			<type>d:boolean</type>
	      		</property>
	      		<property name="cons:riprova_recupero_da_conservazione">
	      			<title>Ritenta Recupero</title>
	      			<type>d:boolean</type>
	      		</property>
	      		<property name="cons:tentativi_recupero_da_conservazione">
	      			<title>N. Tentativi Recupero</title>
	      			<type>d:int</type>
	      			<default>0</default>
	      		</property>
	      		<property name="cons:errore_recupero_da_conservazione">
	      			<title>Errore Recupero</title>
	      			<type>d:text</type>
	      			<index enabled="true"> 
	      				<atomic>true</atomic> 
	      				<stored>false</stored> 
	      				<tokenised>both</tokenised> 
	      			</index>
	      		</property>
	      		<property name="cons:parametro_recupero_da_conservazione">
	      			<title>Parametro di Recupero</title>
	      			<type>d:text</type>
	      			<index enabled="true"> 
	      				<atomic>true</atomic> 
	      				<stored>false</stored> 
	      				<tokenised>both</tokenised> 
	      			</index>
	      		</property>
			</properties>
		</aspect>
    </aspects>
</model>