<?xml version="1.0" encoding="UTF-8"?>

<model name="conta:ContatoriModel" xmlns="http://www.alfresco.org/model/dictionary/1.0">
   <description></description>
   <author></author>
   <version>1.0</version>
   
    <imports>
      <import uri="http://www.alfresco.org/model/dictionary/1.0" prefix="d"/>
      <import uri="http://www.alfresco.org/model/content/1.0" prefix="cm"/>
      <import uri="http://www.alfresco.org/model/system/1.0" prefix="sys"/>
   </imports>
   
   <namespaces>
      <namespace uri="extension.alfrescoContatori" prefix="conta"/>
   </namespaces>
   
	<aspects>
		<aspect name="conta:contatore">
			<title>Aspect Contatore</title>
			<properties>
				<property name="conta:codice">
					<title>Codice</title>
	      			<type>d:text</type>
	      			<index enabled="true"> 
	      				<atomic>true</atomic> 
	      				<stored>false</stored> 
	      				<tokenised>both</tokenised> 
	      			</index>
	      		</property>
	      		<property name="conta:tipo">
					<title>Tipo Registro Contatore</title>
	      			<type>d:text</type>
	      			<index enabled="true" /> 
	      		</property>
	      		<property name="conta:valore">
					<title>Valore</title>
	      			<type>d:int</type>
	      			<index enabled="true" /> 
	      		</property>
	      		<property name="conta:registrazioni">
					<title>Registrazioni</title>
	      			<type>d:text</type>
	      			<multiple>true</multiple>
	      			<index enabled="false" /> 
	      		</property>
	      		<property name="conta:aoo">
					<title>Codice Aoo</title>
	      			<type>d:text</type>
	      			<index enabled="true" /> 
	      		</property>
	      		<property name="conta:amministrazione">
					<title>Codice Amministrazione</title>
	      			<type>d:text</type>
	      			<index enabled="true" /> 
	      		</property>
	      		<property name="conta:responsabile">
					<title>Codice Amministrazione</title>
	      			<type>d:text</type>
	      			<index enabled="true" /> 
	      		</property>
	      		<property name="conta:soggetto_produttore">
					<title>Soggetto Produttore del Registro di Repertorio</title>
	      			<type>d:text</type>
	      			<index enabled="true" /> 
	      		</property>
	      		<property name="conta:destinatari">
					<title>Destinatari del Registro di Repertorio</title>
	      			<type>d:text</type>
	      			<index enabled="true" /> 
	      		</property>
	      		<property name="conta:data_ultima_registrazione">
					<title>Data di Ultima Registrazione effettuata</title>
	      			<type>d:datetime</type>
	      			<index enabled="true" /> 
	      		</property>
	      		<property name="conta:azzera_registro">
					<title>Azzera il Contatore di Registro al Nuovo Anno</title>
	      			<type>d:boolean</type>
	      			<index enabled="true" /> 
	      		</property>
	      		<property name="conta:genera_registro">
					<title>Genera il Registro di Repertorio per il Contatore</title>
	      			<type>d:boolean</type>
	      			<index enabled="true" /> 
	      		</property>
			</properties>
		</aspect>
	</aspects>
</model>