<?xml version="1.0" encoding="UTF-8"?>

<model name="esbMail:model" xmlns="http://www.alfresco.org/model/dictionary/1.0">

	<description>ESB Mail Model</description>
	<author>Antica Bottega Digitale</author>
	<version>1.0</version>

	<imports>
		<import uri="http://www.alfresco.org/model/dictionary/1.0" prefix="d"/>
		<import uri="http://www.alfresco.org/model/content/1.0" prefix="cm"/>
	</imports>

	<namespaces>
		<namespace uri="extension.esb.mail" prefix="esbMail" />
	</namespaces>

	<aspects>
	
	
		
		<aspect name="esbMail:signatureVerifiedData">
			<!-- Questo ASPECT dovrebbe essere associato ai singoli certificati -->
			<title>CheckList verifica della firma</title>
			<properties>
			
				<!-- Esito della verifica sulla firma -->
				<property name="esbMail:esitoVerifica">
					<title>Esito della verifica</title>
					<type>d:text</type>
					<index enabled="true">
                 		<atomic>true</atomic>
                 		<stored>false</stored>
                 		<tokenised>false</tokenised>
              		</index>
				</property>
				
				<!-- Data dell'ultima verifica della firma  -->
				<property name="esbMail:verifiedDate">
					<title>Data verifica della Firma</title>
					<type>d:datetime</type>
				</property>
				
				<!-- Algoritmo digest utilizzato per la firma -->
				<property name="esbMail:signatureDigestAlgorithm">
					<title>Algoritmo Firma</title>
					<type>d:text</type>
					<index enabled="true">
                 		<atomic>true</atomic>
                 		<stored>false</stored>
                 		<tokenised>false</tokenised>
              		</index>
				</property>
				
				<!--Nome del Firmatario -->
				<property name="esbMail:signer">
					<title>Nome Firmatario</title>
					<type>d:text</type>
					<index enabled="true">
                 		<atomic>true</atomic>
                 		<stored>false</stored>
                 		<tokenised>false</tokenised>
              		</index>
				</property>
				
				<!--Ente Emissione Certificato -->
				<property name="esbMail:enteCertificatore">
					<title>Nome Ente Certificatore</title>
					<type>d:text</type>
					<index enabled="true">
                 		<atomic>true</atomic>
                 		<stored>false</stored>
                 		<tokenised>false</tokenised>
              		</index>
				</property>
				
				<!--Codice Fiscale Firmatario -->
				<property name="esbMail:codiceFiscaleFirmatario">
					<title>Codice Fiscale Firmatario</title>
					<type>d:text</type>
					<index enabled="true">
                 		<atomic>true</atomic>
                 		<stored>false</stored>
                 		<tokenised>false</tokenised>
              		</index>
				</property>
				
				<!--Ruolo Firmatario -->
				<property name="esbMail:ruoloFirmatario">
					<title>Ruolo Firmatario</title>
					<type>d:text</type>
					<index enabled="true">
                 		<atomic>true</atomic>
                 		<stored>false</stored>
                 		<tokenised>false</tokenised>
              		</index>
				</property>
				
				<!--Stato Geografico Firmatario -->
				<property name="esbMail:statoGeografico">
					<title>Stato Geografico</title>
					<type>d:text</type>
					<index enabled="true">
                 		<atomic>true</atomic>
                 		<stored>false</stored>
                 		<tokenised>false</tokenised>
              		</index>
				</property>
				
				<!--Organizzazione Firmatario -->
				<property name="esbMail:signerOrg">
					<title>Organizzazione Firmatario</title>
					<type>d:text</type>
					<index enabled="true">
                 		<atomic>true</atomic>
                 		<stored>false</stored>
                 		<tokenised>false</tokenised>
              		</index>
				</property>
				
				<!--Codice Identificativo -->
				<property name="esbMail:codeIdentifier">
					<title>Codice Identificativo</title>
					<type>d:text</type>
					<index enabled="true">
                 		<atomic>true</atomic>
                 		<stored>false</stored>
                 		<tokenised>false</tokenised>
              		</index>
				</property>
				
				<!-- Certificato Qualificato -->
				<property name="esbMail:descQualificaCertificato">
					<title>Qualifica Certificato</title>
					<type>d:text</type>
					<index enabled="true">
                 		<atomic>true</atomic>
                 		<stored>false</stored>
                 		<tokenised>false</tokenised>
              		</index>
				</property>
				
				<!-- Certificato Sottoscrizione (indica se e' o meno un certificato di firma) -->
				<property name="esbMail:subscriptionCertificate">
					<title>Certificato di Sottoscrizione</title>
					<type>d:boolean</type>
				</property>
				
				<!-- Validita' del Certificato fino al -->
				<property name="esbMail:certificateExpiration">
					<title>Certificato valido fino al</title>
					<type>d:datetime</type>
				</property>
				
				<!-- Data apposizione firma -->
				<property name="esbMail:signatureDate">
					<title>Data apposizione della Firma</title>
					<type>d:datetime</type>
				</property>
				
				<!-- Data Controllo CRL -->
				<property name="esbMail:crlDate">
					<title>Data apposizione della Firma</title>
					<type>d:datetime</type>
				</property>
				
			</properties>
		</aspect>
	
		<aspect name="esbMail:MIME">
			<title>ESB Multipurpose Internet Mail Extesnion</title>
			<properties>
				<property name="esbMail:subject">
					<title>Oggetto</title>
					<type>d:text</type>
					<index enabled="true">
                 		<atomic>true</atomic>
                 		<stored>false</stored>
                 		<tokenised>false</tokenised>
              		</index>
				</property>
				<property name="esbMail:sender">
					<title>Mittente</title>
					<type>d:text</type>
					<multiple>true</multiple>
					<index enabled="true">
                 		<atomic>true</atomic>
                 		<stored>false</stored>
                 		<tokenised>false</tokenised>
              		</index>
				</property>
				<property name="esbMail:rcpTO">
					<title>Destinatario Principale</title>
					<type>d:text</type>
					<multiple>true</multiple>
					<index enabled="true">
                 		<atomic>true</atomic>
                 		<stored>false</stored>
                 		<tokenised>false</tokenised>
              		</index>
				</property>
				<property name="esbMail:rcpCC">
					<title>Copia per Conoscenza</title>
					<type>d:text</type>
					<multiple>true</multiple>
					<index enabled="true">
                 		<atomic>true</atomic>
                 		<stored>false</stored>
                 		<tokenised>false</tokenised>
              		</index>
				</property>
				<property name="esbMail:sendDate">
					<title>Data Invio</title>
					<type>d:datetime</type>
				</property>
				<property name="esbMail:receiveDate">
					<title>Data Ricezione</title>
					<type>d:datetime</type>
				</property>
				<property name="esbMail:messageBody">
					<title>Corpo Messaggio</title>
					<type>d:text</type>
					<index enabled="true">
                 		<atomic>true</atomic>
                 		<stored>false</stored>
                 		<tokenised>false</tokenised>
              		</index>
				</property>
				<property name="esbMail:attachemntsRefs">
					<title>Riferimenti Documenti Allegati</title>
					<type>d:text</type>
					<multiple>true</multiple>
				</property>
				<property name="esbMail:hasNestedMsgs">
					<title>Indica se sono presenti Messaggi Annidati</title>
					<type>d:boolean</type>
				</property>
				<property name="esbMail:rootMessage">
					<title>Messaggio Radice</title>
					<type>d:boolean</type>
				</property>
				<property name="esbMail:messageBodyUUID">
					<title>Reference Corpo Messaggio</title>
					<type>d:text</type>
				</property>
				<property name="esbMail:messageHeadersUUID">
					<title>Reference Headers Messaggio</title>
					<type>d:text</type>
				</property>
				<property name="esbMail:messageEmlUUID">
					<title>Reference EML Messaggio</title>
					<type>d:text</type>
				</property>
			</properties>
		</aspect>
		
		<aspect name="esbMail:attachment">
			<title>Allegato di Posta Elettronica</title>
			<properties>
				<property name="esbMail:mailRef">
					<title>Riferimento Messaggio Posta</title>
					<type>d:text</type>
				</property>
			<property name="esbMail:isMessageHeadersAttach">
					<title>Indica se si tratta del contenuto rappresentate gli headers del messaggio</title>
					<type>d:boolean</type>
			</property>
			<property name="esbMail:isMessageBodyAttach">
					<title>Indica se si tratta del contenuto rappresentate il body del messaggio</title>
					<type>d:boolean</type>
			</property>
			</properties>
		</aspect>
		
		<aspect name="esbMail:PEC">
			<title>ESB Posta Elettronica Certificata</title>
			<properties>
				
				<property name="esbMail:pec_tipo">
					<title>Tipo PEC</title>
					<type>d:text</type>
					<index enabled="true">
                 		<atomic>true</atomic>
                 		<stored>false</stored>
                 		<tokenised>false</tokenised>
              		</index>
				</property>
				
				<property name="esbMail:pec_errore">
					<title>Errore PEC</title>
					<type>d:text</type>
					<index enabled="true">
                 		<atomic>true</atomic>
                 		<stored>false</stored>
                 		<tokenised>false</tokenised>
              		</index>
				</property>
				
				<!--Intestazione del messaggio originale-->
				
				<property name="esbMail:intestazione_mittente">
					
					<title>Intestazione Mittente</title>
					<type>d:text</type>
					<multiple>true</multiple>
					<index enabled="true">
                 		<atomic>true</atomic>
                 		<stored>false</stored>
                 		<tokenised>false</tokenised>
              		</index>
				</property>
				
				<property name="esbMail:intestazione_destinatari">
					<!-- TO e CC sono inseriti qui. Da includere anche il tipo all'interno dello stesso record {certificato o esterno} -->
					<title>Intestazione Destinatari</title>
					<type>d:text</type>
					<multiple>true</multiple>
					<index enabled="true">
                 		<atomic>true</atomic>
                 		<stored>false</stored>
                 		<tokenised>false</tokenised>
              		</index>
				</property>
				
				<property name="esbMail:intestazione_risposte">
					<!--Valore del campo "Reply-To" del messaggio originale-->
					<title>Intestazione Risposte</title>
					<type>d:text</type>
					<multiple>true</multiple>
					<index enabled="true">
                 		<atomic>true</atomic>
                 		<stored>false</stored>
                 		<tokenised>false</tokenised>
              		</index>
				</property>
				
				<property name="esbMail:intestazione_oggetto">
					<!--Valore del campo "Subject" del messaggio originale-->
					<title>Intestazione Oggetto</title>
					<type>d:text</type>
					<index enabled="true">
                 		<atomic>true</atomic>
                 		<stored>false</stored>
                 		<tokenised>false</tokenised>
              		</index>
				</property>
				<!--Fine Intestazione del messaggio originale-->
				
				<!--Dati del messaggio di posta certificata-->
				
				<property name="esbMail:dati_gestore-emittente">
					<!--Stringa descrittiva del gestore che certifica i dati-->
					<title>Gestore Emittente</title>
					<type>d:text</type>
					<index enabled="true">
                 		<atomic>true</atomic>
                 		<stored>false</stored>
                 		<tokenised>false</tokenised>
              		</index>
				</property>
				
				<property name="esbMail:data_zona">
					<!--"zona" e' la differenza tra ora legale locale ed UTC in-->
					<!--formato "[+|-]hhmm"-->
					<title>Zona Riferimento Data Elaborazione</title>
					<type>d:text</type>
					<index enabled="true">
                 		<atomic>true</atomic>
                 		<stored>false</stored>
                 		<tokenised>false</tokenised>
              		</index>
				</property>
				
				<property name="esbMail:data_ora">
					<!--Ora locale in formato "hh:mm:ss"-->
					<title>Ora Data Elaborazione</title>
					<type>d:text</type>
					<index enabled="true">
                 		<atomic>true</atomic>
                 		<stored>false</stored>
                 		<tokenised>false</tokenised>
              		</index>
				</property>
				
				<property name="esbMail:data_giorno">
					<!--Giorno in formato "gg/mm/aaaa"-->
					<title>Giorno Data Elaborazione</title>
					<type>d:text</type>
					<index enabled="true">
                 		<atomic>true</atomic>
                 		<stored>false</stored>
                 		<tokenised>false</tokenised>
              		</index>
				</property>
				
				<property name="esbMail:identificativo_messaggio">
					<!--Identificativo univoco del messaggio-->
					<title>Identificativo Univoco del Messaggio</title>
					<type>d:text</type>
					<index enabled="true">
                 		<atomic>true</atomic>
                 		<stored>false</stored>
                 		<tokenised>false</tokenised>
              		</index>
				</property>
				
				<property name="esbMail:msg_id_originale">
					<!--Message-ID del messaggio originale prima della modifica-->
					<title>Message ID del Messaggio Originale</title>
					<type>d:text</type>
					<index enabled="true">
                 		<atomic>true</atomic>
                 		<stored>false</stored>
                 		<tokenised>false</tokenised>
              		</index>
				</property>
				
				<property name="esbMail:ricevuta">
					<!--Per le buste di trasporto e le ricevute di consegna-->
					<!--Indica il tipo di ricevuta richiesto dal mittente-->
					<title>Tipo Ricevuta Richiesta</title>
					<type>d:text</type>
					<index enabled="true">
                 		<atomic>true</atomic>
                 		<stored>false</stored>
                 		<tokenised>false</tokenised>
              		</index>
				</property>
				
				<!--Fine Dati del messaggio di posta certificata-->
				
			</properties>
		</aspect>
				
		<aspect name="esbMail:notsend">
			<title>Email Non Inviata a causa di errore</title>
			<properties>
				<property name="esbMail:motivo_mancato_invio">
					<title>Motivo di Mancato Invio della Mail</title>
					<type>d:text</type>
				</property>
			<property name="esbMail:data_ultimo_tentativo_invio">
					<title>Data Ultimo Tentativo di Invio</title>
					<type>d:date</type>
			</property>
			<property name="esbMail:numero_tentativi_di_invio">
					<title>Numero di Tentativi Effettuati</title>
					<type>d:int</type>
			</property>
			</properties>
		</aspect>
		
		<aspect name="esbMail:MIME_outgoing">
			<title>Mail Spedita</title>
			<properties>
				<property name="esbMail:subject_outgoing">
					<title>Oggetto</title>
					<type>d:text</type>
					<index enabled="true">
                 		<atomic>true</atomic>
                 		<stored>false</stored>
                 		<tokenised>false</tokenised>
              		</index>
				</property>
				<property name="esbMail:sender_outgoing">
					<title>Mittente</title>
					<type>d:text</type>
					<multiple>true</multiple>
					<index enabled="true">
                 		<atomic>true</atomic>
                 		<stored>false</stored>
                 		<tokenised>false</tokenised>
              		</index>
				</property>
				<property name="esbMail:rcpTO_outgoing">
					<title>Destinatario Principale</title>
					<type>d:text</type>
					<multiple>true</multiple>
					<index enabled="true">
                 		<atomic>true</atomic>
                 		<stored>false</stored>
                 		<tokenised>false</tokenised>
              		</index>
				</property>
				<property name="esbMail:rcpCC_outgoing">
					<title>Copia per Conoscenza</title>
					<type>d:text</type>
					<multiple>true</multiple>
					<index enabled="true">
                 		<atomic>true</atomic>
                 		<stored>false</stored>
                 		<tokenised>false</tokenised>
              		</index>
				</property>
				<property name="esbMail:sendDate_outgoing">
					<title>Data Invio</title>
					<type>d:datetime</type>
				</property>
				<property name="esbMail:messageBody_outgoing">
					<title>Corpo Messaggio</title>
					<type>d:text</type>
					<index enabled="true">
                 		<atomic>true</atomic>
                 		<stored>false</stored>
                 		<tokenised>false</tokenised>
              		</index>
				</property>
				<property name="esbMail:attachemntsRefs_outgoing">
					<title>Riferimenti Documenti Allegati</title>
					<type>d:text</type>
					<multiple>true</multiple>
				</property>
			</properties>
		</aspect>
		
		
	</aspects>
	
</model>	