<?xml version="1.0" encoding="UTF-8"?>

<model name="esbsign:EsnSignatureModel" xmlns="http://www.alfresco.org/model/dictionary/1.0">
   <description></description>
   <author></author>
   <version>1.0</version>
   
    <imports>
      <import uri="http://www.alfresco.org/model/dictionary/1.0" prefix="d"/>
      <import uri="http://www.alfresco.org/model/content/1.0" prefix="cm"/>
   </imports>
   
   <namespaces>
      <namespace uri="extension.alfrescoEsbSignature" prefix="esbsign"/>
   </namespaces>
   
   
    <aspects>
    	<aspect name="esbsign:documentoFirmato">
			<title>Aspect Documento Firmato</title>
			<properties>
			
				<property name="esbsign:impronta_documento_firmato">
					<title>Impronta Documento</title>
	      			<type>d:text</type>
	      			<index enabled="true"> 
	      				<atomic>true</atomic> 
	      				<stored>false</stored> 
	      				<tokenised>both</tokenised> 
	      			</index>
	      		</property>
				<property name="esbsign:luogo_firma">
					<title>Luogo Firma</title>
	      			<type>d:text</type>
	      			<index enabled="true"> 
	      				<atomic>true</atomic> 
	      				<stored>false</stored> 
	      				<tokenised>both</tokenised> 
	      			</index>
	      		</property>
				<property name="esbsign:motivo_firma">
					<title>Motivo Firma</title>
	      			<type>d:text</type>
	      			<index enabled="true"> 
	      				<atomic>true</atomic> 
	      				<stored>false</stored> 
	      				<tokenised>both</tokenised> 
	      			</index>
	      		</property>
				<property name="esbsign:ora_firma">
					<title>Orario Firma</title>
	      			<type>d:datetime</type>
	      		</property>
				<property name="esbsign:utente_firma">
					<title>Descrizione Tipologia</title>
	      			<type>d:text</type>
	      			<index enabled="true"> 
	      				<atomic>true</atomic> 
	      				<stored>false</stored> 
	      				<tokenised>both</tokenised> 
	      			</index>
	      		</property>
	      		<property name="esbsign:flag_firma-marca_temporale">
					<title>Marca Temporale</title>
	      			<type>d:boolean</type>
	      		</property>
			</properties>
		</aspect>
	</aspects>
</model>