<?xml version="1.0" encoding="UTF-8"?>

<model name="look:LookupModel" xmlns="http://www.alfresco.org/model/dictionary/1.0">
   <description></description>
   <author></author>
   <version>1.0</version>
   
    <imports>
      <import uri="http://www.alfresco.org/model/dictionary/1.0" prefix="d"/>
      <import uri="http://www.alfresco.org/model/content/1.0" prefix="cm"/>
      <import uri="http://www.alfresco.org/model/system/1.0" prefix="sys"/>
   </imports>
   
   <namespaces>
      <namespace uri="extension.alfrescoLookup" prefix="look"/>
   </namespaces>
   
   <aspects>
		<aspect name="look:lookup">
	        <title>Elemento Lookup</title>
	        <properties>
				<property name="look:nomeElemento">
					<title>Nome Elemento</title>
					<type>d:text</type>
					<index enabled="true"> 
	      				<atomic>true</atomic> 
	      				<stored>false</stored> 
	      				<tokenised>both</tokenised> 
	      			</index>
				</property>
				<property name="look:abilitato">
					<title>Flag Attivazione Elemento</title>
					<type>d:boolean</type>
					<index enabled="true"> 
	      				<atomic>true</atomic> 
	      				<stored>false</stored> 
	      				<tokenised>both</tokenised> 
	      			</index>
				</property>
			</properties>
   		</aspect>
	</aspects>
</model>