<?xml version="1.0" encoding="UTF-8"?>

<model name="modCons:ModelliConservabili" xmlns="http://www.alfresco.org/model/dictionary/1.0">
   <description></description>
   <author></author>
   <version>1.0</version>
   
    <imports>
      <import uri="http://www.alfresco.org/model/dictionary/1.0" prefix="d"/>
      <import uri="http://www.alfresco.org/model/content/1.0" prefix="cm"/>
      <import uri="http://www.alfresco.org/model/system/1.0" prefix="sys"/>
      <import uri="extension.alfrescoWebdesktopBase" prefix="wbase"/>
   </imports>
   
   <namespaces>
      <namespace uri="extension.alfrescoModelliConservabili" prefix="modCons"/>
   </namespaces>
   
   <constraints>
   	<constraint name="modCons:tipologiaFatturaCostraint" type="LIST">
        <parameter name="allowedValues">
            <list>
            	<value>FATTURA</value>
                <value>ACCONTO/ANTICIPO SU FATTURA</value>
                <value>ACCONTO/ANTICIPO SU PARCELLA</value>
                <value>NOTA DI CREDITO</value>
                <value>NOTA DI DEBITO</value>
                <value>PARCELLA</value>
            </list>
        </parameter>
        <parameter name="caseSensitive">
        	<value>true</value>
        </parameter>
     </constraint>
     
     <constraint name="modCons:formaContrattoCostraint" type="LIST">
        <parameter name="allowedValues">
            <list>
                <value>Forma pubblica amministrativa</value>
                <value>Scrittura privata</value>
                <value>Scrittura privata autenticata</value>
            </list>
        </parameter>
        <parameter name="caseSensitive">
        	<value>true</value>
        </parameter>
     </constraint>
     
     <constraint name="modCons:registrazioneContrattoCostraint" type="LIST">
        <parameter name="allowedValues">
            <list>
                <value>SI</value>
                <value>NO</value>
                <value>CASO D’USO</value>
            </list>
        </parameter>
        <parameter name="caseSensitive">
        	<value>true</value>
        </parameter>
     </constraint>
     
   </constraints>
   
	<aspects>
		<aspect name="modCons:contratto">
			<title>Aspect Modello Conservabile - Documento Contabile</title>
			<parent>wbase:documentoConservabile</parent>
			<properties>
				<property name="modCons:formaContratto">
					<title>Forma Contratto</title>
	      			<type>d:text</type>
	      			<mandatory>true</mandatory>
	      			<constraints>
		               <constraint ref="modCons:formaContrattoCostraint"/>
		            </constraints>
	      		</property>
				<property name="modCons:firmatarioEnte">
					<title>Firmatario Ente</title>
	      			<type>d:text</type>
	      			<mandatory>true</mandatory>
	      		</property>
	      		<property name="modCons:contraenti">
					<title>Contraenti</title>
	      			<type>d:text</type>
	      			<mandatory>true</mandatory>
	      			<multiple>true</multiple>
	      		</property>
	      		<property name="modCons:luogoStipula">
					<title>Luogo Stipula</title>
	      			<type>d:text</type>
	      			<mandatory>true</mandatory>
	      		</property>
	      		<property name="modCons:registrazioneContratto">
					<title>Registrazione Contratto</title>
	      			<type>d:text</type>
	      			<mandatory>true</mandatory>
	      			<constraints>
		               <constraint ref="modCons:registrazioneContrattoCostraint"/>
		            </constraints>
	      		</property>
			</properties>
		</aspect>
		
		<aspect name="modCons:cud">
			<title>Aspect Modello Conservabile - CUD</title>
			<parent>wbase:documentoConservabile</parent>
			<properties>
				<property name="modCons:dataDiNascita">
					<title>Data di Nascita</title>
	      			<type>d:datetime</type>
	      			<mandatory>true</mandatory>
	      		</property>
	      		<property name="modCons:matricola">
					<title>Matricola</title>
	      			<type>d:text</type>
	      			<mandatory>true</mandatory>
	      		</property>
	      		<property name="modCons:annoDiCompetenzaCud">
					<title>Anno di Competenza</title>
	      			<type>d:text</type>
	      			<mandatory>true</mandatory>
	      		</property>
	      	</properties>
		</aspect>
		
		<aspect name="modCons:f24">
			<title>Aspect Modello Conservabile - F24</title>
			<parent>wbase:documentoConservabile</parent>
			<properties>
				<property name="modCons:meseDiCompetenzaF24">
					<title>Mese di Competenza</title>
	      			<type>d:text</type>
	      			<mandatory>true</mandatory>
	      		</property>
	      		<property name="modCons:annoDiCompetenzaF24">
					<title>Anno di Competenza</title>
	      			<type>d:text</type>
	      			<mandatory>true</mandatory>
	      		</property>
	      	</properties>
		</aspect>
		
		<aspect name="modCons:delibera">
			<title>Aspect Modello Conservabile - Delibera</title>
			<parent>wbase:documentoConservabile</parent>
			<properties>
				<property name="modCons:tipoSpecificoDelibera">
					<title>Tipo Specifico</title>
	      			<type>d:text</type>
	      		</property>
				<property name="modCons:assessoratoProponente">
					<title>Assessorato Proponente</title>
	      			<type>d:text</type>
	      		</property>
	      		<property name="modCons:settoreProponente">
					<title>Settore Proponente</title>
	      			<type>d:text</type>
	      		</property>
	      		<property name="modCons:servizioProponente">
					<title>Servizio Proponente</title>
	      			<type>d:text</type>
	      		</property>
	      	</properties>
		</aspect>
		
		<aspect name="modCons:determina">
			<title>Aspect Modello Conservabile - Determina</title>
			<parent>wbase:documentoConservabile</parent>
			<properties>
				<property name="modCons:tipoSpecificoDetermina">
					<title>Tipo Specifico Determina</title>
	      			<type>d:text</type>
	      		</property>
				<property name="modCons:dataEsecutivita">
					<title>Data Esecutivita</title>
	      			<type>d:datetime</type>
	      		</property>
	      		<property name="modCons:ruoloFirmatario">
					<title>Ruolo Firmatario</title>
	      			<type>d:text</type>
	      			<mandatory>true</mandatory>
	      		</property>
	      		<property name="modCons:vistoRegolaritaContabile">
					<title>Visto Regolarita Contabile</title>
	      			<type>d:boolean</type>
	      			<mandatory>true</mandatory>
	      		</property>
	      		<property name="modCons:vistoRegolaritaEspresso">
					<title>Visto Regolarita Espresso</title>
	      			<type>d:boolean</type>
	      		</property>
	      	</properties>
		</aspect>
		
		<aspect name="modCons:fatturaPassiva">
			<title>Aspect Modello Conservabile - Fattura Passiva</title>
			<parent>wbase:documentoConservabile</parent>
			<properties>
				<property name="modCons:tipologiaFatturaPassiva">
					<title>Tipologia Fattura</title>
	      			<type>d:text</type>
	      			<mandatory>true</mandatory>
	      			<constraints>
		               <constraint ref="modCons:tipologiaFatturaCostraint"/>
		            </constraints>
	      		</property>
	      		<property name="modCons:numeroEmissioneFatturaPassiva">
					<title>Numero Emissione</title>
	      			<type>d:text</type>
	      			<mandatory>true</mandatory>
	      		</property>
	      		<property name="modCons:dataEmissioneFatturaPassiva">
					<title>Data Emissione</title>
	      			<type>d:datetime</type>
	      			<mandatory>true</mandatory>
	      		</property>
	      		<property name="modCons:oggettoFornituraFatturaPassiva">
					<title>Oggetto Fornitura</title>
	      			<type>d:text</type>
	      			<mandatory>true</mandatory>
	      		</property>
	      		<property name="modCons:importoTotaleFatturaPassiva">
					<title>Importo Totale</title>
	      			<type>d:text</type>
	      			<mandatory>true</mandatory>
	      		</property>
	      		<property name="modCons:scadenzaFatturaPassiva">
					<title>Scadenza</title>
	      			<type>d:datetime</type>
	      			<mandatory>true</mandatory>
	      		</property>
	      		<property name="modCons:rilevanzaIVAFatturaPassiva">
					<title>Rilevanza IVA</title>
	      			<type>d:boolean</type>
	      			<mandatory>true</mandatory>
	      		</property>
	      		<property name="modCons:codiceRegistroIvaFatturaPassiva">
					<title>Codice Registro Iva</title>
	      			<type>d:text</type>
	      		</property>
	      		<property name="modCons:dataRegistroIvaFatturaPassiva">
					<title>Data Registro Iva</title>
	      			<type>d:datetime</type>
	      		</property>
	      		<property name="modCons:numeroRegistroIvaFatturaPassiva">
					<title>Numero Registro Iva</title>
	      			<type>d:text</type>
	      		</property>
	      		<property name="modCons:identificativoLottoFatturaPassiva">
					<title>Identificativo Lotto</title>
	      			<type>d:text</type>
	      		</property>
	      	</properties>
		</aspect>
		
		<aspect name="modCons:fatturaAttiva">
			<title>Aspect Modello Conservabile - Fattura Attiva</title>
			<parent>wbase:documentoConservabile</parent>
			<properties>
				<property name="modCons:tipologiaFatturaAttiva">
					<title>Tipologia Fattura</title>
	      			<type>d:text</type>
	      			<mandatory>true</mandatory>
	      			<constraints>
		               <constraint ref="modCons:tipologiaFatturaCostraint"/>
		            </constraints>
	      		</property>
	      		<property name="modCons:numeroEmissioneFatturaAttiva">
					<title>Numero Emissione</title>
	      			<type>d:text</type>
	      			<mandatory>true</mandatory>
	      		</property>
	      		<property name="modCons:dataEmissioneFatturaAttiva">
					<title>Data Emissione</title>
	      			<type>d:datetime</type>
	      			<mandatory>true</mandatory>
	      		</property>
	      		<property name="modCons:codiceRegistroIvaFatturaAttiva">
					<title>Codice Registro Iva</title>
	      			<type>d:text</type>
	      		</property>
	      		<property name="modCons:dataRegistroIvaFatturaAttiva">
					<title>Data Registro Iva</title>
	      			<type>d:datetime</type>
	      		</property>
	      		<property name="modCons:numeroRegistroIvaFatturaAttiva">
					<title>Numero Registro Iva</title>
	      			<type>d:text</type>
	      		</property>
	      		<property name="modCons:identificativoLottoFatturaAttiva">
					<title>Identificativo Lotto</title>
	      			<type>d:text</type>
	      		</property>
	      	</properties>
		</aspect>
		
		<aspect name="modCons:lottoFatture">
			<title>Aspect Modello Conservabile - Lotto Fatture</title>
			<parent>wbase:documentoConservabile</parent>
			<properties>
				<!-- NON UTILIZZATA -->
				<property name="modCons:numeriFatture">
					<title>Numeri Fatture</title>
	      			<type>d:text</type>
	      			<multiple>true</multiple>
	      		</property>
	      		<!-- NON UTILIZZATA -->
	      		<property name="modCons:dateFatture">
					<title>Date Fatture</title>
	      			<type>d:datetime</type>
	      			<multiple>true</multiple>
	      		</property>
	      		<property name="modCons:collegamentiFatture">
					<title>Collegamenti Fatture</title>
	      			<type>d:text</type>
	      			<mandatory>true</mandatory>
	      			<multiple>true</multiple>
	      		</property>
	      	</properties>
		</aspect>
		
		<!-- VALUTARE DA QUI -->
		
		<aspect name="modCons:deliberaDiGiunta">
			<title>Aspect Modello Conservabile - Delibera di Giunta</title>
			<parent>wbase:documentoConservabile</parent>
			<properties>
				<property name="modCons:assessoratoProponenteDeliberaDiGiunta">
					<title>Assessorato Proponente</title>
	      			<type>d:text</type>
	      		</property>
	      		<property name="modCons:settoreProponenteDeliberaDiGiunta">
					<title>Settore Proponente</title>
	      			<type>d:text</type>
	      		</property>
	      		<property name="modCons:servizioProponenteDeliberaDiGiunta">
					<title>Servizio Proponente</title>
	      			<type>d:text</type>
	      		</property>
	      	</properties>
		</aspect>
		
		<aspect name="modCons:deliberaDiConsiglio">
			<title>Aspect Modello Conservabile - Delibera di Consiglio</title>
			<parent>wbase:documentoConservabile</parent>
			<properties>
				<property name="modCons:assessoratoProponenteDeliberaDiConsiglio">
					<title>Assessorato Proponente</title>
	      			<type>d:text</type>
	      		</property>
	      		<property name="modCons:settoreProponenteDeliberaDiConsiglio">
					<title>Settore Proponente</title>
	      			<type>d:text</type>
	      		</property>
	      		<property name="modCons:servizioProponenteDeliberaDiConsiglio">
					<title>Servizio Proponente</title>
	      			<type>d:text</type>
	      		</property>
	      	</properties>
		</aspect>
		
		<aspect name="modCons:ordinanza">
			<title>Aspect Modello Conservabile - Ordinanza</title>
			<parent>wbase:documentoConservabile</parent>
			<properties>
	      	</properties>
		</aspect>
		
		<aspect name="modCons:decreto">
			<title>Aspect Modello Conservabile - Decreto</title>
			<parent>wbase:documentoConservabile</parent>
			<properties>
				<property name="modCons:ruoloFirmatarioDecreto">
					<title>Ruolo Firmatario</title>
	      			<type>d:text</type>
	      		</property>
	      		<property name="modCons:settoreDecreto">
					<title>Settore Proponente</title>
	      			<type>d:text</type>
	      		</property>
	      		<property name="modCons:materiaDecreto">
					<title>Materia</title>
	      			<type>d:text</type>
	      		</property>
	      	</properties>
		</aspect>
		
		<aspect name="modCons:ordinativoInformatico">
			<title>Aspect Modello Conservabile - Ordinativo Informatico</title>
			<parent>wbase:documentoConservabile</parent>
			<properties>
	      	</properties>
		</aspect>
		
		<aspect name="modCons:autorizzazione">
			<title>Aspect Modello Conservabile - Autorizzazione</title>
			<parent>wbase:documentoConservabile</parent>
			<properties>
	      	</properties>
		</aspect>
		
		<aspect name="modCons:concessione">
			<title>Aspect Modello Conservabile - Concessione</title>
			<parent>wbase:documentoConservabile</parent>
			<properties>
	      	</properties>
		</aspect>
	</aspects>
</model>