<model name="prot:ProtocolloModel" xmlns="http://www.alfresco.org/model/dictionary/1.0">
   <description></description>
   <author></author>
   <version>1.0</version>
   
    <imports>
      <import uri="http://www.alfresco.org/model/dictionary/1.0" prefix="d"/>
      <import uri="http://www.alfresco.org/model/content/1.0" prefix="cm"/>
      <import uri="http://www.alfresco.org/model/system/1.0" prefix="sys"/>
   </imports>
   
   <namespaces>
      <namespace uri="extension.alfrescoProtocollo" prefix="prot"/>
   </namespaces>
 
 	<aspects>
		<aspect name="prot:primaRegistrazioneProtocollo">
			<title>Aspect Protocollo - Dati Prima Registrazione Protocollo</title>
			<properties>
				<property name="prot:codiceAmministrazionePrimaRegistrazione">
					<title>Codice Amministrazione</title>
	      			<type>d:text</type>
	      		</property>
				<property name="prot:codiceAooPrimaRegistrazione">
					<title>Codice AOO</title>
	      			<type>d:text</type>
	      		</property>
	      		<property name="prot:codiceRegistroPrimaRegistrazione">
					<title>Codice Registro</title>
	      			<type>d:text</type>
	      		</property>
				<property name="prot:numeroPrimaRegistrazione">
					<title>Numero Prima Registrazione</title>
	      			<type>d:text</type>
	      		</property>
	      		<property name="prot:dataPrimaRegistrazione">
					<title>Data Prima Registrazione</title>
	      			<type>d:date</type>
	      		</property>
			</properties>
		</aspect>
		
		<aspect name="prot:segnaturaIngresso">
			<title>Aspect Protocollo - Dati Protocollo Segnatura Ingresso</title>
			<properties>
				<property name="prot:codiceAmministrazioneSegnaturaIngresso">
					<title>Codice Amministrazione Segnatura Ingresso</title>
	      			<type>d:text</type>
	      		</property>
	      		<property name="prot:descrizioneAmministrazioneSegnaturaIngresso">
					<title>Descrizione Amministrazione Segnatura Ingresso</title>
	      			<type>d:text</type>
	      		</property>
				<property name="prot:codiceAooSegnaturaIngresso">
					<title>Codice AOO Segnatura Ingresso</title>
	      			<type>d:text</type>
	      		</property>
	      		<property name="prot:descrizioneAooSegnaturaIngresso">
					<title>Descrizione AOO Segnatura Ingresso</title>
	      			<type>d:text</type>
	      		</property>
	      		<property name="prot:codiceRegistroSegnaturaIngresso">
					<title>Codice Registro Segnatura Ingresso</title>
	      			<type>d:text</type>
	      		</property>
				<property name="prot:numeroSegnaturaIngresso">
					<title>Numero Segnatura Ingresso</title>
	      			<type>d:text</type>
	      		</property>
	      		<property name="prot:dataSegnaturaIngresso">
					<title>Data Segnatura Ingresso</title>
	      			<type>d:date</type>
	      		</property>
	      		<property name="prot:datiAmministrazioneIngresso">
					<title>Dati Amministrazione Mittente</title>
	      			<type>d:text</type>
	      		</property>
	      		<property name="prot:oggettoAmministrazioneIngresso">
					<title>Oggetto Segnatura Ingresso</title>
	      			<type>d:text</type>
	      		</property>
	      		<property name="prot:eccezioneSegnaturaIngresso">
					<title>Eccezione Segnatura Ingresso</title>
	      			<type>d:boolean</type>
	      		</property>
			</properties>
		</aspect>
		
		<aspect name="prot:protocollo">
			<title>Aspect Protocollo - Protocollo</title>
			<properties>
				<property name="prot:movimentoProtocollo">
					<title>Movimento</title>
	      			<type>d:text</type>
	      		</property>
				<property name="prot:analogicoDigitaleProtocollo">
					<title>Tipo Analogico o Digitale</title>
	      			<type>d:text</type>
	      		</property>
	      		<property name="prot:mittenteProtocollo">
					<title>Mittente</title>
	      			<type>d:text</type>
	      		</property>
				<property name="prot:destinatariProtocollo">
					<title>Destinatari</title>
	      			<type>d:text</type>
	      			<multiple>true</multiple>
	      		</property>
	      		<property name="prot:dataProtocolloMittente">
					<title>Data Protocollo Mittente</title>
	      			<type>d:date</type>
	      		</property>
	      		<property name="prot:numeroProtocolloMittente">
					<title>Numero Protocollo Mittente</title>
	      			<type>d:text</type>
	      		</property>
	      		<property name="prot:allegatiEsclusiProtocollo">
					<title>Allegati Esclusi</title>
	      			<type>d:text</type>
	      			<multiple>true</multiple>
	      		</property>
	      		<property name="prot:storicoInteroperabilita">
					<title>Storico dell' Interoperabilita di Protocollo</title>
	      			<type>d:text</type>
	      			<multiple>true</multiple>
	      		</property>
			</properties>
		</aspect>
		
		<aspect name="prot:fileInteroperabilita">
			<title>Aspect File di Interoperabilita</title>
			<properties>
				<property name="prot:tipologiaFileInteroperabilita">
					<title>Tipologia File</title>
	      			<type>d:text</type>
	      		</property>
			</properties>
		</aspect>
		
		<aspect name="prot:confermaInteroperabilita">
			<title>Aspect Conferma di Protocollo</title>
			<properties>
				<property name="prot:codiceAmministrazioneConferma">
					<title>Codice Amministrazione Conferma</title>
	      			<type>d:text</type>
	      		</property>
				<property name="prot:codiceAooConferma">
					<title>Codice AOO Conferma</title>
	      			<type>d:text</type>
	      		</property>
	      		<property name="prot:codiceRegistroConferma">
					<title>Codice Registro Conferma</title>
	      			<type>d:text</type>
	      		</property>
				<property name="prot:numeroConferma">
					<title>Numero Segnatura Conferma</title>
	      			<type>d:text</type>
	      		</property>
	      		<property name="prot:dataConferma">
					<title>Data Segnatura Conferma</title>
	      			<type>d:date</type>
	      		</property>
			</properties>
		</aspect>
		
		<aspect name="prot:nonEseguireInteroperabilita">
			<title>Aspect Non Eseguire Interoperabilita</title>
			<properties>
			</properties>
		</aspect>
		
		<!-- 
		<aspect name="prot:datiAmministrazioneIngresso">
			<title>Aspect Dati Amministrazione Protocollo Ingresso</title>
			<properties>
	      		<property name="prot:denominazioneAmministrazioneIngresso">
					<title>Denominazione</title>
	      			<type>d:text</type>
	      			<index enabled="true"> 
	      				<atomic>true</atomic> 
	      				<stored>false</stored> 
	      				<tokenised>both</tokenised> 
	      			</index>
	      		</property>
	      		<property name="prot:indirizzoAmministrazioneIngresso">
					<title>Indirizzo</title>
	      			<type>d:text</type>
	      			<index enabled="true"> 
	      				<atomic>true</atomic> 
	      				<stored>false</stored> 
	      				<tokenised>both</tokenised> 
	      			</index>
	      		</property>
	      		<property name="prot:capAmministrazioneIngresso">
					<title>CAP</title>
	      			<type>d:text</type>
	      			<index enabled="true"> 
	      				<atomic>true</atomic> 
	      				<stored>false</stored> 
	      				<tokenised>both</tokenised> 
	      			</index>
	      		</property>
	      		<property name="prot:provinciaAmministrazioneIngresso">
					<title>Provincia</title>
	      			<type>d:text</type>
	      			<index enabled="true"> 
	      				<atomic>true</atomic> 
	      				<stored>false</stored> 
	      				<tokenised>both</tokenised> 
	      			</index>
	      		</property>
	      		<property name="prot:emailAmministrazioneIngresso">
					<title>EMail</title>
	      			<type>d:text</type>
	      			<index enabled="true"> 
	      				<atomic>true</atomic> 
	      				<stored>false</stored> 
	      				<tokenised>both</tokenised> 
	      			</index>
	      		</property>
			</properties>
		</aspect>
		 -->
		 
	</aspects>
   
 </model>