<?xml version="1.0" encoding="UTF-8"?>

<model name="wbase:WebdesktopBaseModel" xmlns="http://www.alfresco.org/model/dictionary/1.0">
   <description></description>
   <author></author>
   <version>1.0</version>
   
    <imports>
      <import uri="http://www.alfresco.org/model/dictionary/1.0" prefix="d"/>
      <import uri="http://www.alfresco.org/model/content/1.0" prefix="cm"/>
      <import uri="http://www.alfresco.org/model/system/1.0" prefix="sys"/>
   </imports>
   
   <namespaces>
      <namespace uri="extension.alfrescoWebdesktopBase" prefix="wbase"/>
   </namespaces>
   
	<aspects>
		<aspect name="wbase:documentoConservabile">
			<title>Aspect Base Documento Conservabile</title>
			<properties>
				<property name="wbase:oggetto_documentoConservabile">
					<title>Oggetto</title>
	      			<type>d:text</type>
	      			<index enabled="true"> 
	      				<atomic>true</atomic> 
	      				<stored>false</stored> 
	      				<tokenised>both</tokenised> 
	      			</index>
	      		</property>
				<property name="wbase:data_chiusura_documentoConservabile">
					<title>Data Chiusura</title>
	      			<type>d:datetime</type>
	      		</property>
				<property name="wbase:soggetto_produttore_documentoConservabile">
					<title>Soggetto Produttore</title>
	      			<type>d:text</type>
	      			<index enabled="true"> 
	      				<atomic>true</atomic> 
	      				<stored>false</stored> 
	      				<tokenised>both</tokenised> 
	      			</index>
	      		</property>
	      		<property name="wbase:destinatari_documentoConservabile">
	      			<title>Elenco Destinatari</title>
	      			<type>d:text</type>
	      			<multiple>true</multiple>
	      		</property>
				<property name="wbase:id_documento_documentoInformatico">
	      			<title>Id Documento Sistema Versante</title>
	      			<type>d:text</type>
	      			<index enabled="true"> 
	      				<atomic>true</atomic> 
	      				<stored>false</stored> 
	      				<tokenised>both</tokenised> 
	      			</index>
	      		</property>
	      		<property name="wbase:note_documentoInformatico">
	      			<title>Note Documento</title>
	      			<type>d:text</type>
	      			<index enabled="true"> 
	      				<atomic>true</atomic> 
	      				<stored>false</stored> 
	      				<tokenised>both</tokenised> 
	      			</index>
	      		</property>
	      		<property name="wbase:titolario_documentoConservabile">
					<title>Titolario</title>
	      			<type>d:text</type>
	      			<index enabled="true"> 
	      				<atomic>true</atomic> 
	      				<stored>false</stored> 
	      				<tokenised>both</tokenised> 
	      			</index>
	      		</property>
	      		<!-- NON UTILIZZATA -->
	      		<property name="wbase:cod_procedura_documentoConservabile">
					<title>Codice Procedura</title>
	      			<type>d:text</type>
	      			<index enabled="true"> 
	      				<atomic>true</atomic> 
	      				<stored>false</stored> 
	      				<tokenised>both</tokenised> 
	      			</index>
	      		</property>
	      		<!-- NON UTILIZZATA -->
				<property name="wbase:cod_tipologia_documentoConservabile">
					<title>Codice Tipologia</title>
	      			<type>d:text</type>
	      			<index enabled="true"> 
	      				<atomic>true</atomic> 
	      				<stored>false</stored> 
	      				<tokenised>both</tokenised> 
	      			</index>
	      		</property>
	      		<!-- NON UTILIZZATA -->
	      		<property name="wbase:node_id_tipologia">
					<title>Node Id Tipologia</title>
	      			<type>d:text</type>
	      			<index enabled="true"> 
	      				<atomic>true</atomic> 
	      				<stored>false</stored> 
	      				<tokenised>both</tokenised> 
	      			</index>
	      		</property>
	      		<property name="wbase:prop_associazione_allegati_documentoInformatico">
	      			<title>Elenco Reference Allegati</title>
	      			<type>d:text</type>
	      			<multiple>true</multiple>
	      		</property>
			</properties>
			<associations>
				<child-association name="wbase:associazione_allegati_documentoInformatico">
	               <source>
	                  <mandatory>false</mandatory>
	                  <many>false</many>
	               </source>
	               <target>
	                  <class>sys:base</class>
	                  <mandatory>false</mandatory>
	                  <many>true</many>
	               </target>
	               <duplicate>true</duplicate>
	               <propagateTimestamps>false</propagateTimestamps>
	            </child-association>
       	 	</associations>
		</aspect>
		<aspect name="wbase:fascicoloConservabile">
			<title>Aspect Base Fascicolo Conservabile</title>
			<properties>
				<property name="wbase:ipa_titolare_fascicoloConservabile">
					<title>Ipa Titolare</title>
	      			<type>d:text</type>
	      			<index enabled="true"> 
	      				<atomic>true</atomic> 
	      				<stored>false</stored> 
	      				<tokenised>both</tokenised> 
	      			</index>
	      		</property>
	      		<property name="wbase:ipa_partecipante_fascicoloConservabile">
					<title>Ipa Partecipante</title>
	      			<type>d:text</type>
	      			<multiple>true</multiple>
	      			<index enabled="true"> 
	      				<atomic>true</atomic> 
	      				<stored>false</stored> 
	      				<tokenised>both</tokenised> 
	      			</index>
	      		</property>
	      		<property name="wbase:responsabile_fascicoloConservabile">
					<title>Responsabile</title>
	      			<type>d:text</type>
	      			<index enabled="true"> 
	      				<atomic>true</atomic> 
	      				<stored>false</stored> 
	      				<tokenised>both</tokenised> 
	      			</index>
	      		</property>
	      		<property name="wbase:oggetto_fascicoloConservabile">
					<title>Oggetto</title>
	      			<type>d:text</type>
	      			<index enabled="true"> 
	      				<atomic>true</atomic> 
	      				<stored>false</stored> 
	      				<tokenised>both</tokenised> 
	      			</index>
	      		</property>
	      		<property name="wbase:data_fascicoloConservabile">
					<title>Data</title>
	      			<type>d:datetime</type>
	      			<index enabled="true"> 
	      				<atomic>true</atomic> 
	      				<stored>false</stored> 
	      				<tokenised>both</tokenised> 
	      			</index>
	      		</property>
	      		<property name="wbase:id_fascicolo_fascicoloConservabile">
	      			<title>Id Fascicolo Sistema Versante</title>
	      			<type>d:text</type>
	      			<index enabled="true"> 
	      				<atomic>true</atomic> 
	      				<stored>false</stored> 
	      				<tokenised>both</tokenised> 
	      			</index>
	      		</property>
	      		<property name="wbase:prop_associazione_documenti_fascicoloConservabile">
	      			<title>Elenco Reference Documenti Nel fascicolo</title>
	      			<type>d:text</type>
	      			<multiple>true</multiple>
	      		</property>
	      		<property name="wbase:titolario_fascicoloConservabile">
					<title>Titolario</title>
	      			<type>d:text</type>
	      			<index enabled="true"> 
	      				<atomic>true</atomic> 
	      				<stored>false</stored> 
	      				<tokenised>both</tokenised> 
	      			</index>
	      		</property>
			</properties>
			<associations>
	            <child-association name="wbase:associazione_documenti_fascicoloConservabile">
	               <source>
	                  <mandatory>false</mandatory>
	                  <many>true</many>
	               </source>
	               <target>
	                  <class>sys:base</class>
	                  <mandatory>false</mandatory>
	                  <many>true</many>
	               </target>
	               <duplicate>true</duplicate>
	               <propagateTimestamps>false</propagateTimestamps>
	            </child-association>
	            <child-association name="wbase:associazione_sottoFascicoli_fascicoloConservabile">
	               <source>
	                  <mandatory>false</mandatory>
	                  <many>true</many>
	               </source>
	               <target>
	                  <class>sys:base</class>
	                  <mandatory>false</mandatory>
	                  <many>true</many>
	               </target>
	               <duplicate>false</duplicate>
	               <propagateTimestamps>false</propagateTimestamps>
	            </child-association>
       	 	</associations>
		</aspect>
		<aspect name="wbase:metadatiBase">
			<title>Aspect Base Hash</title>
			<properties>
				<property name="wbase:hash_metadatiBase">
					<title>Hash</title>
	      			<type>d:text</type>
	      			<index enabled="true"> 
	      				<atomic>true</atomic> 
	      				<stored>false</stored> 
	      				<tokenised>both</tokenised> 
	      			</index>
	      		</property>
	      		<property name="wbase:algoritmo_hash_metadatiBase">
					<title>Algoritmo Hash</title>
	      			<type>d:text</type>
	      			<index enabled="true"> 
	      				<atomic>true</atomic> 
	      				<stored>false</stored> 
	      				<tokenised>both</tokenised> 
	      			</index>
	      		</property>
			</properties>
		</aspect>
		<aspect name="wbase:repertorio">
			<title>Aspect Base Repertorio</title>
			<properties>
				<property name="wbase:numero_repertorio">
					<title>Numero Repertorio</title>
	      			<type>d:text</type>
	      			<mandatory>true</mandatory>
	      		</property>
	      		<property name="wbase:anno_repertorio">
					<title>Anno Repertorio</title>
	      			<type>d:text</type>
	      			<mandatory>true</mandatory>
	      		</property>
	      		<property name="wbase:registro_repertorio">
					<title>Registro di Repertorio</title>
	      			<type>d:text</type>
	      			<mandatory>true</mandatory>
	      		</property>
	      		<property name="wbase:data_repertorio">
					<title>Data di Repertorio</title>
	      			<type>d:datetime</type>
	      			<mandatory>true</mandatory>
	      		</property>
	      		<property name="wbase:flag_annullato_repertorio">
					<title>Repertorio Annullato</title>
	      			<type>d:boolean</type>
	      		</property>
	      		<property name="wbase:data_annullamento_repertorio">
					<title>Data Annullamento Repertorio</title>
	      			<type>d:datetime</type>
	      		</property>
	      		<property name="wbase:motivazione_annullamento_repertorio">
					<title>Motivazione Annullamento</title>
	      			<type>d:text</type>
	      		</property>
	      	</properties>
		</aspect>
		<aspect name="wbase:registroRepertorio">
			<title>Aspect Registro di  Repertorio</title>
			<properties>
	      		<property name="wbase:tipo_registro_repertorio">
					<title>Tipo Registro di Repertorio</title>
	      			<type>d:text</type>
	      			<mandatory>true</mandatory>
	      		</property>
	      		<property name="wbase:responsabile_registro_repertorio">
					<title>Responsabile del Registro di Repertorio</title>
	      			<type>d:text</type>
	      			<mandatory>true</mandatory>
	      		</property>
	      		<property name="wbase:operatore_registro_repertorio">
					<title>Sistema di Generazione Registro di Repertorio</title>
	      			<type>d:text</type>
	      		</property>
	      		<property name="wbase:numero_iniziale_registro_repertorio">
					<title>Numero di Registrazione Iniziale del Registro di Repertorio</title>
	      			<type>d:text</type>
	      			<mandatory>true</mandatory>
	      		</property>
	      		<property name="wbase:numero_finale_registro_repertorio">
					<title>Numero di Registrazione Finale del Registro di Repertorio</title>
	      			<type>d:text</type>
	      			<mandatory>true</mandatory>
	      		</property>
	      		<property name="wbase:data_iniziale_registro_repertorio">
					<title>Data di Registrazione Iniziale del Registro di Repertorio</title>
	      			<type>d:datetime</type>
	      			<mandatory>true</mandatory>
	      		</property>
	      		<property name="wbase:data_finale_registro_repertorio">
					<title>Data di Registrazione Finale del Registro di Repertorio</title>
	      			<type>d:datetime</type>
	      			<mandatory>true</mandatory>
	      		</property>
	      	</properties>
		</aspect>
		<aspect name="wbase:elementoRubrica">
			<title>Aspect Base di Elemento Rubrica</title>
			<properties>
				<property name="wbase:tipologiaRubrica">
					<title>Tipologia</title>
	      			<type>d:int</type>
	      		</property>
	      		<property name="wbase:nomeRubrica">
					<title>Nome</title>
	      			<type>d:text</type>
	      			<index enabled="true"> 
	      				<atomic>true</atomic> 
	      				<stored>false</stored> 
	      				<tokenised>both</tokenised> 
	      			</index>
	      		</property>
	      		<property name="wbase:cognomeRubrica">
					<title>Cognome</title>
	      			<type>d:text</type>
	      			<index enabled="true"> 
	      				<atomic>true</atomic> 
	      				<stored>false</stored> 
	      				<tokenised>both</tokenised> 
	      			</index>
	      		</property>
	      		<property name="wbase:codiceFiscaleRubrica">
					<title>Codice Fiscale</title>
	      			<type>d:text</type>
	      			<index enabled="true"> 
	      				<atomic>true</atomic> 
	      				<stored>false</stored> 
	      				<tokenised>both</tokenised> 
	      			</index>
	      		</property>
	      		<property name="wbase:indirizzoRubrica">
					<title>Indirizzo</title>
	      			<type>d:text</type>
	      			<index enabled="true"> 
	      				<atomic>true</atomic> 
	      				<stored>false</stored> 
	      				<tokenised>both</tokenised> 
	      			</index>
	      		</property>
	      		<property name="wbase:capRubrica">
					<title>CAP</title>
	      			<type>d:text</type>
	      			<index enabled="true"> 
	      				<atomic>true</atomic> 
	      				<stored>false</stored> 
	      				<tokenised>both</tokenised> 
	      			</index>
	      		</property>
	      		<property name="wbase:cittaRubrica">
					<title>Citta</title>
	      			<type>d:text</type>
	      			<index enabled="true"> 
	      				<atomic>true</atomic> 
	      				<stored>false</stored> 
	      				<tokenised>both</tokenised> 
	      			</index>
	      		</property>
	      		<property name="wbase:emailRubrica">
					<title>EMail</title>
	      			<type>d:text</type>
	      			<index enabled="true"> 
	      				<atomic>true</atomic> 
	      				<stored>false</stored> 
	      				<tokenised>both</tokenised> 
	      			</index>
	      		</property>
	      		<property name="wbase:aooRubrica">
					<title>Aoo</title>
	      			<type>d:text</type>
	      			<index enabled="true"> 
	      				<atomic>true</atomic> 
	      				<stored>false</stored> 
	      				<tokenised>both</tokenised> 
	      			</index>
	      		</property>
	      		<property name="wbase:denominazioneRubrica">
					<title>Denominazione</title>
	      			<type>d:text</type>
	      			<index enabled="true"> 
	      				<atomic>true</atomic> 
	      				<stored>false</stored> 
	      				<tokenised>both</tokenised> 
	      			</index>
	      		</property>
	      		<property name="wbase:partitaIvaRubrica">
					<title>Partita IVA</title>
	      			<type>d:text</type>
	      			<index enabled="true"> 
	      				<atomic>true</atomic> 
	      				<stored>false</stored> 
	      				<tokenised>both</tokenised> 
	      			</index>
	      		</property>
	      		<property name="wbase:codiceIPARubrica">
					<title>Codice IPA</title>
	      			<type>d:text</type>
	      			<index enabled="true"> 
	      				<atomic>true</atomic> 
	      				<stored>false</stored> 
	      				<tokenised>both</tokenised> 
	      			</index>
	      		</property>
	      		<property name="wbase:attivoRubrica">
					<title>Attivo</title>
	      			<type>d:boolean</type>
	      		</property>
	      		<property name="wbase:categoriaRubrica">
					<title>Categoria</title>
	      			<type>d:text</type>
	      			<index enabled="true"> 
	      				<atomic>true</atomic> 
	      				<stored>false</stored> 
	      				<tokenised>both</tokenised> 
	      			</index>
	      		</property>
			</properties>
		</aspect>
		<aspect name="wbase:documentoDaNonConservare">
			<title>Aspect Base Documento escluso dalla Conservazione</title>
			<properties>
				<property name="wbase:inserimentoManuale">
					<title>Aspect aggiunto manualmente</title>
	      			<type>d:boolean</type>
	      		</property>
			</properties>
		</aspect>
		<aspect name="wbase:gestioneCategoria">
			<title>Aspect Base Gestione Categoria</title>
			<properties>
				<property name="wbase:locazioneFisica">
					<title>Locazione Fisica</title>
	      			<type>d:text</type>
	      		</property>
				<property name="wbase:categoriaDisabilitata">
					<title>Categoria Disabilitata</title>
	      			<type>d:boolean</type>
	      		</property>
			</properties>
		</aspect>
		
		<!-- NON PIU UTILIZZATO -->
		<aspect name="wbase:protocolloConservabile">
			<title>Aspect Base Protocollo</title>
			<properties>
				<property name="wbase:numero_protocolloConservabile">
					<title>Numero Protocollo</title>
	      			<type>d:int</type>
	      		</property>
				<property name="wbase:anno_protocolloConservabile">
					<title>Anno Protocollo</title>
	      			<type>d:text</type>
	      			<index enabled="true"> 
	      				<atomic>true</atomic> 
	      				<stored>false</stored> 
	      				<tokenised>both</tokenised> 
	      			</index>
	      		</property>
	      		<property name="wbase:data_registrazione_protocolloConservabile">
					<title>Data Registrazione</title>
	      			<type>d:datetime</type>
	      		</property>
	      		<property name="wbase:ingresso_uscita_protocolloConservabile">
					<title>Ingresso/Uscita</title>
	      			<type>d:text</type>
	      			<index enabled="true"> 
	      				<atomic>true</atomic> 
	      				<stored>false</stored> 
	      				<tokenised>both</tokenised> 
	      			</index>
	      		</property>
	      		<property name="wbase:annullato_protocolloConservabile">
					<title>Annullato</title>
	      			<type>d:boolean</type>
	      		</property>
			</properties>
		</aspect>
		<!-- NON PIU UTILIZZATO -->
		<aspect name="wbase:fatturaConservabile">
			<title>Aspect Base Fattura</title>
			<properties>
				<property name="wbase:numero_fatturaConservabile">
					<title>Numero Fattura</title>
	      			<type>d:text</type>
	      			<index enabled="true"> 
	      				<atomic>true</atomic> 
	      				<stored>false</stored> 
	      				<tokenised>both</tokenised> 
	      			</index>
	      		</property>
				<property name="wbase:tipo_fatturaConservabile">
					<title>Tipo Fattura</title>
	      			<type>d:text</type>
	      			<index enabled="true"> 
	      				<atomic>true</atomic> 
	      				<stored>false</stored> 
	      				<tokenised>both</tokenised> 
	      			</index>
	      		</property>
	      		<property name="wbase:registro_fatturaConservabile">
					<title>Registro Fattura</title>
	      			<type>d:text</type>
	      			<index enabled="true"> 
	      				<atomic>true</atomic> 
	      				<stored>false</stored> 
	      				<tokenised>both</tokenised> 
	      			</index>
	      		</property>
			</properties>
		</aspect>
		<!-- NON PIU UTILIZZATO -->
		<aspect name="wbase:tipologia">
			<title>Aspect per tipologia</title>
			<properties>
				<property name="wbase:cod_applicativo_sorgente">
					<title>Codice Applicativo Sorgente</title>
	      			<type>d:text</type>
	      			<index enabled="true"> 
	      				<atomic>true</atomic> 
	      				<stored>false</stored> 
	      				<tokenised>both</tokenised> 
	      			</index>
	      		</property>
				<property name="wbase:cod_procedura">
					<title>Codice Procedura</title>
	      			<type>d:text</type>
	      			<index enabled="true"> 
	      				<atomic>true</atomic> 
	      				<stored>false</stored> 
	      				<tokenised>both</tokenised> 
	      			</index>
	      		</property>
				<property name="wbase:des_procedura">
					<title>Descrizione Procedura</title>
	      			<type>d:text</type>
	      			<index enabled="true"> 
	      				<atomic>true</atomic> 
	      				<stored>false</stored> 
	      				<tokenised>both</tokenised> 
	      			</index>
	      		</property>
				<property name="wbase:cod_tipologia">
					<title>Codice Tipologia</title>
	      			<type>d:text</type>
	      			<index enabled="true"> 
	      				<atomic>true</atomic> 
	      				<stored>false</stored> 
	      				<tokenised>both</tokenised> 
	      			</index>
	      		</property>
				<property name="wbase:des_tipologia">
					<title>Descrizione Tipologia</title>
	      			<type>d:text</type>
	      			<index enabled="true"> 
	      				<atomic>true</atomic> 
	      				<stored>false</stored> 
	      				<tokenised>both</tokenised> 
	      			</index>
	      		</property>
	      		<property name="wbase:flag_conservazione">
					<title>Flag Conservazione</title>
	      			<type>d:boolean</type>
	      		</property>
	      		<property name="wbase:flag_utilizzo">
					<title>Flag Non Utilizzato</title>
	      			<type>d:boolean</type>
	      		</property>
	      		<property name="wbase:flag_default">
					<title>Flag Default</title>
	      			<type>d:boolean</type>
	      		</property>
			</properties>
		</aspect>
		<aspect name="wbase:fascicoloConDocumentoPrincipale">
			<title>Aspect Base Fascicolo Conservabile</title>
			<properties>
				<property name="wbase:id_documento_principale_fascicolo">
					<title>Id del Documento Principale del Fascicolo</title>
	      			<type>d:text</type>
	      			<index enabled="false" />
	      		</property>
	      	</properties>
	   </aspect>
	</aspects>
</model>