<!-- Share configuration related to this particular Share module extension, such as:
     - Doclib action config
     - Form config
     - Aspect and Type config

    Note. Any configuration related to the whole Share.war webapp
           (i.e. not specific to this share extension) should be
            placed in the environment specific config:
             alfresco/tomcat/shared/classes/alfresco/web-extension/share-config-custom.xml file
     -->
<alfresco-config>
	<!-- =============================== -->
	<!-- ALFRESCO CONFIGURATIONS         -->
	<!-- =============================== -->
	
	<!-- Document Library config section -->
    <config evaluator="string-compare" condition="DocumentLibrary">
    	<!--
            Used by "Manage Rules" -> "Add aspect" action.
        
            If an aspect has been specified without a title element in the content model,
            or you need to support multiple languages,
            then an i18n file is needed on the Repo AMP/JAR extension side for the aspect to
            be visible when creating rules:
        
               custom_customModel.aspect.custom_myaspect.title=My Aspect
        
            Used by the "Manage Aspects" action.
        
            For the aspect to have a localised label add relevant i18n string(s) in a Share AMP/JAR extension:
        
            	aspect.custom_myaspect=My Aspect
         -->         
    	<aspects>
		    <!-- Aspects that a user can see -->
		    <visible>
		    	<!-- WebDesktopBaseModel Aspects -->
		        <aspect name="wbase:documentoConservabile" />
	            <aspect name="wbase:fascicoloConservabile" />
	            <aspect name="wbase:metadatiBase" />
	            <aspect name="wbase:elementoRubrica" />
<!--            <aspect name="wbase:protocolloConservabile" />
	            <aspect name="wbase:fatturaConservabile" />
	            <aspect name="wbase:tipologia" />  -->
	            <!-- EsbSignatureModel Aspects -->
	            <aspect name="esbsign:documentoFirmato" />
	            <!-- ContatoriModel Aspects -->
	            <aspect name="conta:contatore" />
	            <!--  Lookup Aspect -->
	            <aspect name="look:lookup" />
	            <!-- EsbMail Aspects -->
	            <aspect name="esbMail:signatureVerifiedData" />
		    	<aspect name="esbMail:MIME" />
		    	<aspect name="esbMail:attachment" />
		    	<aspect name="esbMail:PEC" />
		    	<aspect name="esbMail:notsend" />		
		    	<aspect name="esbMail:MIME_outgoing" />		
		    	<!-- ModelliConservabili Aspects -->
		    	<aspect name="modCons:contratto" />
		    	<aspect name="modCons:cud" />
		    	<aspect name="modCons:f24" />
		    	<aspect name="modCons:delibera" />
		    	<aspect name="modCons:determina" />
		    	<aspect name="modCons:fatturaPassiva" />
		    	<aspect name="modCons:fatturaAttiva" />
		    	<aspect name="modCons:lottoFatture" />
		    	<aspect name="modCons:deliberaDiGiunta" />
		    	<aspect name="modCons:deliberaDiConsiglio" />
		    	<aspect name="modCons:ordinanza" />
		    	<aspect name="modCons:decreto" />
		    	<aspect name="modCons:ordinativoInformatico" />
		    	<!-- Protocollo Aspects -->
		    	<aspect name="prot:primaRegistrazioneProtocollo" />
	            <aspect name="prot:segnaturaIngresso" />
	            <aspect name="prot:fileInteroperabilita" />
	            <aspect name="prot:confermaInteroperabilita" />
	            <aspect name="prot:nonEseguireInteroperabilita" />
	            <aspect name="prot:protocollo" />
		    </visible>
		
		    <!-- Aspects that a user can add. Same as "visible" if left empty -->
		    <addable>
		    </addable>
		
		    <!-- Aspects that a user can remove. Same as "visible" if left empty -->
		    <removeable>
		    </removeable>
		</aspects>
    </config>
    
    <!-- ========================================== -->
    <!-- ASPETTI DI WEBDESKTOP                      -->
    <!-- ========================================== -->
    
	<config evaluator="aspect" condition="conta:contatore">
	   <forms>
	      <form>
	         <field-visibility>
	            <!-- fields from conta:contatore aspect -->
	            <show id="conta:tipo" />
	            <show id="conta:codice" />
	            <show id="conta:valore" />
	            <show id="conta:data_ultima_registrazione" />
	            <show id="conta:aoo" />
	            <show id="conta:amministrazione" />
	            <show id="conta:registrazioni" />
	            <show id="conta:responsabile" />
	            <show id="conta:soggetto_produttore" />
	            <show id="conta:destinatari" />
	            <show id="conta:genera_registro" />
	            <show id="conta:azzera_registro" />
	         </field-visibility>
	      </form>
	   </forms>
	</config>
	
	<config evaluator="aspect" condition="esbsign:documentoFirmato">
	   <forms>
	      <form>
	         <field-visibility>
	            <!-- fields from esbsign:documentoFirmato aspect -->
	            <show id="esbsign:impronta_documento_firmato" />
           		<show id="esbsign:luogo_firma" />
           		<show id="esbsign:motivo_firma" />
           		<show id="esbsign:ora_firma" />
           		<show id="esbsign:utente_firma" />
           		<show id="esbsign:flag_firma-marca_temporale" />
	         </field-visibility>
	      </form>
	   </forms>
	</config>
	
	<config evaluator="aspect" condition="wbase:documentoConservabile">
	   <forms>
	      <form>
	         <field-visibility>
	            <!-- fields from wbase:documentoConservabile aspect -->
	            <show id="wbase:oggetto_documentoConservabile" />
           		<show id="wbase:data_chiusura_documentoConservabile" />
           		<show id="wbase:soggetto_produttore_documentoConservabile" />
           		<show id="wbase:destinatari_documentoConservabile" />
           		<show id="wbase:id_documento_documentoInformatico" />
           		<show id="wbase:note_documentoInformatico" />
           		<show id="wbase:titolario_documentoConservabile" />
<!--       		<show id="wbase:cod_procedura_documentoConservabile" />
           		<show id="wbase:cod_tipologia_documentoConservabile" />
           		<show id="wbase:node_id_tipologia" />   -->
           		<show id="wbase:prop_associazione_allegati_documentoInformatico" />
	         </field-visibility>
	      </form>
	   </forms>
	</config>
	
	<config evaluator="aspect" condition="wbase:fascicoloConservabile">
	   <forms>
	      <form>
	         <field-visibility>
	            <!-- fields from wbase:fascicoloConservabile aspect -->
	           	<show id="wbase:ipa_titolare_fascicoloConservabile" />
          		<show id="wbase:ipa_partecipante_fascicoloConservabile" />
          		<show id="wbase:responsabile_fascicoloConservabile" />
          		<show id="wbase:oggetto_fascicoloConservabile" />
          		<show id="wbase:data_fascicoloConservabile" />
          		<show id="wbase:id_fascicolo_fascicoloConservabile" />
          		<show id="wbase:titolario_fascicoloConservabile" />
          		<show id="wbase:prop_associazione_documenti_fascicoloConservabile" />
	         </field-visibility>
	      </form>
	   </forms>
	</config>
	
	<config evaluator="aspect" condition="wbase:metadatiBase">
	   <forms>
	      <form>
	         <field-visibility>
	            <!-- fields from wbase:metadatiBase aspect -->
	           	<show id="wbase:hash_metadatiBase" />
            	<show id="wbase:algoritmo_hash_metadatiBase" />
	         </field-visibility>
	      </form>
	   </forms>
	</config>
	<!-- 
	<config evaluator="aspect" condition="wbase:protocolloConservabile">
	   <forms>
	      <form>
	         <field-visibility>
	           	<show id="wbase:numero_protocolloConservabile" />
           		<show id="wbase:anno_protocolloConservabile" />
           		<show id="wbase:data_registrazione_protocolloConservabile" />
           		<show id="wbase:ingresso_uscita_protocolloConservabile" />
           		<show id="wbase:annullato_protocolloConservabile" />
	         </field-visibility>
	      </form>
	   </forms>
	</config>
	
	<config evaluator="aspect" condition="wbase:fatturaConservabile">
	   <forms>
	      <form>
	         <field-visibility>
	           	<show id="wbase:numero_fatturaConservabile" />
           		<show id="wbase:tipo_fatturaConservabile" />
           		<show id="wbase:registro_fatturaConservabile" />
	         </field-visibility>
	      </form>
	   </forms>
	</config>
	 -->
	<config evaluator="aspect" condition="wbase:elementoRubrica">
	   <forms>
	      <form>
	         <field-visibility>
	            <!-- fields from wbase:elementoRubrica aspect -->
	           	<show id="wbase:tipologiaRubrica" />
           		<show id="wbase:nomeRubrica" />
           		<show id="wbase:cognomeRubrica" />
           		<show id="wbase:codiceFiscaleRubrica" />
           		<show id="wbase:indirizzoRubrica" />
           		<show id="wbase:capRubrica" />
           		<show id="wbase:cittaRubrica" />
           		<show id="wbase:emailRubrica" />
           		<show id="wbase:aooRubrica" />
           		<show id="wbase:denominazioneRubrica" />
           		<show id="wbase:partitaIvaRubrica" />
           		<show id="wbase:codiceIPARubrica" />
           		<show id="wbase:attivoRubrica" />
           		<show id="wbase:categoriaRubrica" />
	         </field-visibility>
	      </form>
	   </forms>
	</config>
	<!-- 
	<config evaluator="aspect" condition="wbase:tipologia">
	   <forms>
	      <form>
	         <field-visibility>
	           	<show id="wbase:cod_applicativo_sorgente" />
           		<show id="wbase:cod_procedura" />
           		<show id="wbase:des_procedura" />
           		<show id="wbase:cod_tipologia" />
           		<show id="wbase:des_tipologia" />
           		<show id="wbase:flag_conservazione" />
           		<show id="wbase:flag_utilizzo" />
           		<show id="wbase:flag_default" />
	         </field-visibility>
	      </form>
	   </forms>
	</config>
	 -->
	 
	<config evaluator="aspect" condition="wbase:repertorio">
	   <forms>
	      <form>
	         <field-visibility>
	           	<show id="wbase:numero_repertorio" />
           		<show id="wbase:anno_repertorio" />
           		<show id="wbase:registro_repertorio" />
           		<show id="wbase:data_repertorio" />
           		<show id="wbase:flag_annullato_repertorio" />
           		<show id="wbase:data_annullamento_repertorio" />
           		<show id="wbase:motivazione_annullamento_repertorio" />
	         </field-visibility>
	      </form>
	   </forms>
	</config>
	
	<config evaluator="aspect" condition="wbase:registroRepertorio">
	   <forms>
	      <form>
	         <field-visibility>
	            <!-- fields from conta:contatore aspect -->
	            <show id="wbase:tipo_registro_repertorio" />
	            <show id="wbase:responsabile_registro_repertorio" />
	            <show id="wbase:operatore_registro_repertorio" />
	            <show id="wbase:numero_iniziale_registro_repertorio" />
	            <show id="wbase:numero_finale_registro_repertorio" />
	            <show id="wbase:data_iniziale_registro_repertorio" />
	            <show id="wbase:data_finale_registro_repertorio" />
	         </field-visibility>
	      </form>
	   </forms>
	</config>
	
	<config evaluator="aspect" condition="esbMail:signatureVerifiedData">
	   <forms>
	      <form>
	         <field-visibility>
	            <!-- fields from esbMail:signatureVerifiedData aspect -->
	            <show id="esbMail:esitoVerifica" />
	            <show id="esbMail:verifiedDate" />
	            <show id="esbMail:signatureDigestAlgorithm" />
	            <show id="esbMail:signer" />
	            <show id="esbMail:enteCertificatore" />
	            <show id="esbMail:codiceFiscaleFirmatario" />
	            <show id="esbMail:esitoVerifica" />
	            <show id="esbMail:ruoloFirmatario" />
	            <show id="esbMail:statoGeografico" />
	            <show id="esbMail:signerOrg" />
	            <show id="esbMail:codeIdentifier" />
	            <show id="esbMail:descQualificaCertificato" />
	            <show id="esbMail:subscriptionCertificate" />
	            <show id="esbMail:certificateExpiration" />
	            <show id="esbMail:signatureDate" />
	            <show id="esbMail:crlDate" />
	         </field-visibility>
	      </form>
	   </forms>
	</config>
	
	<config evaluator="aspect" condition="esbMail:MIME">
	   <forms>
	      <form>
	         <field-visibility>
	            <!-- fields from esbMail:MIME aspect -->
	            <show id="esbMail:subject" />
	            <show id="esbMail:sender" />
	            <show id="esbMail:rcpTO" />
	            <show id="esbMail:rcpCC" />
	            <show id="esbMail:sendDate" />
	            <show id="esbMail:receiveDate" />
	            <show id="esbMail:messageBody" />
	            <show id="esbMail:attachemntsRefs" />
	            <show id="esbMail:hasNestedMsgs" />
	            <show id="esbMail:rootMessage" />
	            <show id="esbMail:messageBodyUUID" />
	            <show id="esbMail:messageHeadersUUID" />
	            <show id="esbMail:messageEmlUUID" />
	         </field-visibility>
	      </form>
	   </forms>
	</config>
	
	<config evaluator="aspect" condition="esbMail:attachment">
	   <forms>
	      <form>
	         <field-visibility>
	            <!-- fields from esbMail:attachment aspect -->
	            <show id="esbMail:mailRef" />
	            <show id="esbMail:isMessageHeadersAttach" />
	            <show id="esbMail:isMessageBodyAttach" />
	         </field-visibility>
	      </form>
	   </forms>
	</config>
   
   <config evaluator="aspect" condition="esbMail:PEC">
	   <forms>
	      <form>
	         <field-visibility>
	            <!-- fields from esbMail:PEC aspect -->
	            <show id="esbMail:pec_tipo" />
	            <show id="esbMail:pec_errore" />
	            <show id="esbMail:intestazione_mittente" />
	            <show id="esbMail:intestazione_destinatari" />
	            <show id="esbMail:intestazione_risposte" />
	            <show id="esbMail:intestazione_oggetto" />
	            <show id="esbMail:dati_gestore-emittente" />
	            <show id="esbMail:data_zona" />
	            <show id="esbMail:data_ora" />
	            <show id="esbMail:data_giorno" />
	            <show id="esbMail:identificativo_messaggio" />
	            <show id="esbMail:msg_id_originale" />
	            <show id="esbMail:ricevuta" />
	         </field-visibility>
	      </form>
	   </forms>
	</config>
	
	<config evaluator="aspect" condition="esbMail:MIME_outgoing">
	   <forms>
	      <form>
	         <field-visibility>
	            <!-- fields from esbMail:MIME aspect -->
	            <show id="esbMail:subject_outgoing" />
	            <show id="esbMail:sender_outgoing" />
	            <show id="esbMail:rcpTO_outgoing" />
	            <show id="esbMail:rcpCC_outgoing" />
	            <show id="esbMail:sendDate_outgoing" />
	            <show id="esbMail:messageBody_outgoing" />
	            <show id="esbMail:attachemntsRefs_outgoing" />
	         </field-visibility>
	      </form>
	   </forms>
	</config>
	
	<config evaluator="aspect" condition="esbMail:notsend">
	   <forms>
	      <form>
	         <field-visibility>
	            <!-- fields from esbMail:MIME aspect -->
	            <show id="esbMail:motivo_mancato_invio" />
	            <show id="esbMail:data_ultimo_tentativo_invio" />
	            <show id="esbMail:numero_tentativi_di_invio" />
	         </field-visibility>
	      </form>
	   </forms>
	</config>
	
	<config evaluator="aspect" condition="modCons:contratto">
	   <forms>
	      <form>
	         <field-visibility>
	            <show id="modCons:formaContratto" />
	            <show id="modCons:firmatarioEnte" />
	            <show id="modCons:contraenti" />
	            <show id="modCons:luogoStipula" />
	            <show id="modCons:registrazioneContratto" />
	         </field-visibility>
	      </form>
	   </forms>
	</config>
	
	<config evaluator="aspect" condition="modCons:cud">
	   <forms>
	      <form>
	         <field-visibility>
	            <show id="modCons:dataDiNascita" />
	            <show id="modCons:matricola" />
	            <show id="modCons:annoDiCompetenzaCud" />
	         </field-visibility>
	      </form>
	   </forms>
	</config>
	
	<config evaluator="aspect" condition="modCons:f24">
	   <forms>
	      <form>
	         <field-visibility>
	            <show id="modCons:meseDiCompetenzaF24" />
	            <show id="modCons:annoDiCompetenzaF24" />
	         </field-visibility>
	      </form>
	   </forms>
	</config>
	
	<config evaluator="aspect" condition="modCons:delibera">
	   <forms>
	      <form>
	         <field-visibility>
	         	<show id="modCons:tipoSpecificoDelibera" />
	            <show id="modCons:assessoratoProponente" />
	            <show id="modCons:settoreProponente" />
	            <show id="modCons:servizioProponente" />
	         </field-visibility>
	      </form>
	   </forms>
	</config>
	
	<config evaluator="aspect" condition="modCons:determina">
	   <forms>
	      <form>
	         <field-visibility>
	         	<show id="modCons:tipoSpecificoDetermina" />
	         	<show id="modCons:ruoloFirmatario" />
	            <show id="modCons:dataEsecutivita" />
	            <show id="modCons:vistoRegolaritaContabile" />
	            <show id="modCons:vistoRegolaritaEspresso" />
	         </field-visibility>
	      </form>
	   </forms>
	</config>
	
	<config evaluator="aspect" condition="modCons:fatturaPassiva">
	   <forms>
	      <form>
	         <field-visibility>
	            <show id="modCons:tipologiaFatturaPassiva" />
	            <show id="modCons:numeroEmissioneFatturaPassiva" />
	            <show id="modCons:dataEmissioneFatturaPassiva" />
	            <show id="modCons:codiceRegistroIvaFatturaPassiva" />
	            <show id="modCons:dataRegistroIvaFatturaPassiva" />
	            <show id="modCons:numeroRegistroIvaFatturaPassiva" />
	            <show id="modCons:identificativoLottoFatturaPassiva" />
	            <show id="modCons:oggettoFornituraFatturaPassiva" />
	            <show id="modCons:importoTotaleFatturaPassiva" />
	            <show id="modCons:scadenzaFatturaPassiva" />
	            <show id="modCons:rilevanzaIVAFatturaPassiva" />
	         </field-visibility>
	      </form>
	   </forms>
	</config>
	
	<config evaluator="aspect" condition="modCons:fatturaAttiva">
	   <forms>
	      <form>
	         <field-visibility>
	            <show id="modCons:tipologiaFatturaAttiva" />
	            <show id="modCons:numeroEmissioneFatturaAttiva" />
	            <show id="modCons:dataEmissioneFatturaAttiva" />
	            <show id="modCons:codiceRegistroIvaFatturaAttiva" />
	            <show id="modCons:dataRegistroIvaFatturaAttiva" />
	            <show id="modCons:numeroRegistroIvaFatturaAttiva" />
	            <show id="modCons:identificativoLottoFatturaAttiva" />
	         </field-visibility>
	      </form>
	   </forms>
	</config>
	
	<config evaluator="aspect" condition="modCons:lottoFatture">
	   <forms>
	      <form>
	         <field-visibility>
	            <show id="modCons:collegamentiFatture" />
	         </field-visibility>
	      </form>
	   </forms>
	</config>
	
	<config evaluator="aspect" condition="modCons:deliberaDiGiunta">
	   <forms>
	      <form>
	         <field-visibility>
	            <show id="modCons:assessoratoProponenteDeliberaDiGiunta" />
	            <show id="modCons:settoreProponenteDeliberaDiGiunta" />
	            <show id="modCons:servizioProponenteDeliberaDiGiunta" />
	         </field-visibility>
	      </form>
	   </forms>
	</config>
	
	<config evaluator="aspect" condition="modCons:deliberaDiConsiglio">
	   <forms>
	      <form>
	         <field-visibility>
	            <show id="modCons:assessoratoProponenteDeliberaDiConsiglio" />
	            <show id="modCons:settoreProponenteDeliberaDiConsiglio" />
	            <show id="modCons:servizioProponenteDeliberaDiConsiglio" />
	         </field-visibility>
	      </form>
	   </forms>
	</config>
	
	<config evaluator="aspect" condition="modCons:ordinanza">
	   <forms>
	      <form>
	         <field-visibility>
	         </field-visibility>
	      </form>
	   </forms>
	</config>
	
	<config evaluator="aspect" condition="modCons:decreto">
	   <forms>
	      <form>
	         <field-visibility>
	         	<show id="modCons:ruoloFirmatarioDecreto" />
	         	<show id="modCons:settoreDecreto" />
	         	<show id="modCons:materiaDecreto" />
	         </field-visibility>
	      </form>
	   </forms>
	</config>
	
	<config evaluator="aspect" condition="modCons:ordinativoInformatico">
	   <forms>
	      <form>
	         <field-visibility>
	         </field-visibility>
	      </form>
	   </forms>
	</config>
	
	<config evaluator="aspect" condition="look:lookup">
	   <forms>
	      <form>
	         <field-visibility>
	            <!-- fields from look:lookup -->
	            <show id="look:nomeElemento" />
	            <show id="look:abilitato" />
	         </field-visibility>
	      </form>
	   </forms>
	</config>
	
	<config evaluator="aspect" condition="look:lookup">
	   <forms>
	      <form>
	         <field-visibility>
	            <!-- fields from look:lookup -->
	            <show id="look:nomeElemento" />
	            <show id="look:abilitato" />
	         </field-visibility>
	      </form>
	   </forms>
	</config>
	
	<config evaluator="aspect" condition="prot:primaRegistrazioneProtocollo">
	   <forms>
	      <form>
	         <field-visibility>
	         	<show id="prot:codiceAmministrazionePrimaRegistrazione" />
           		<show id="prot:codiceAooPrimaRegistrazione" />
           		<show id="prot:codiceRegistroPrimaRegistrazione" />
           		<show id="prot:numeroPrimaRegistrazione" />
           		<show id="prot:dataPrimaRegistrazione" />
	         </field-visibility>
	      </form>
	   </forms>
	</config>
	
	<config evaluator="aspect" condition="prot:segnaturaIngresso">
	   <forms>
	      <form>
	         <field-visibility>
	         	<show id="prot:codiceAmministrazioneSegnaturaIngresso" />
	         	<show id="prot:descrizioneAmministrazioneSegnaturaIngresso" />
           		<show id="prot:codiceAooSegnaturaIngresso" />
           		<show id="prot:descrizioneAooSegnaturaIngresso" />
           		<show id="prot:codiceRegistroSegnaturaIngresso" />
           		<show id="prot:numeroSegnaturaIngresso" />
           		<show id="prot:dataSegnaturaIngresso" />
				<show id="prot:datiAmministrazioneIngresso" />
				<show id="prot:oggettoAmministrazioneIngresso" />
				<show id="prot:eccezioneSegnaturaIngresso" />
	         </field-visibility>
	      </form>
	   </forms>
	</config>
	
	<config evaluator="aspect" condition="prot:fileInteroperabilita">
	   <forms>
	      <form>
	         <field-visibility>
	         	<show id="prot:tipologiaFileInteroperabilita" />
	         </field-visibility>
	      </form>
	   </forms>
	</config>
	
	<config evaluator="aspect" condition="prot:confermaInteroperabilita">
	   <forms>
	      <form>
	         <field-visibility>
	         	<show id="prot:codiceAmministrazioneConferma" />
           		<show id="prot:codiceAooConferma" />
           		<show id="prot:codiceRegistroConferma" />
           		<show id="prot:numeroConferma" />
           		<show id="prot:dataConferma" />
	         </field-visibility>
	      </form>
	   </forms>
	</config>
	
	<config evaluator="aspect" condition="prot:nonEseguireInteroperabilita">
	   <forms>
	      <form>
	         <field-visibility>
	         </field-visibility>
	      </form>
	   </forms>
	</config>
	
	<config evaluator="aspect" condition="prot:protocollo">
	   <forms>
	      <form>
	         <field-visibility>
	         	<show id="prot:movimentoProtocollo" />
           		<show id="prot:analogicoDigitaleProtocollo" />
           		<show id="prot:mittenteProtocollo" />
           		<show id="prot:destinatariProtocollo" />
           		<show id="prot:dataProtocolloMittente" />
           		<show id="prot:numeroProtocolloMittente" />
           		<show id="prot:allegatiEsclusiProtocollo" />
           		<show id="prot:storicoInteroperabilita" />
	         </field-visibility>
	      </form>
	   </forms>
	</config>
	
	
	<!-- ======================== -->
	<!-- FORM RELATIVE -->
	<!-- ======================== -->

	<!-- make sure that mandatory dynamic dropdowns validate correctly -->
	<config>
		<forms>
			<constraint-handlers>
				<constraint type="MANDATORY" validation-handler="Alfresco.forms.validation.mandatory"
					event="keyup,propertychange,change" />
			</constraint-handlers>
		</forms>
	</config>
</alfresco-config>