<?xml version='1.0' encoding='UTF-8'?>
<beans xmlns="http://www.springframework.org/schema/beans"
       xmlns:xsi="http://www.w3.org/2001/XMLSchema-instance"
       xsi:schemaLocation="http://www.springframework.org/schema/beans
          http://www.springframework.org/schema/beans/spring-beans-3.0.xsd">

    <!-- The bootstrap-context.xml file is used for patch definitions, importers, 
		 workflow, and loading custom content models.  -->
	
	<!-- Bootstrap the permission model -->
	<bean id="filingClassificazionePermissionDefinition" parent="permissionModelBootstrap">
		<property name="model" value="alfresco/module/${project.artifactId}/model/permissionDefinitions.xml"/>
	</bean>
	
	<bean id="signAction.actionResourceBundles" class="org.alfresco.i18n.ResourceBundleBootstrapComponent">
		<property name="resourceBundles">
			<list>
				<value>alfresco.module.webdesktop-amp.messages.action-config</value>
			</list>
		</property>
	</bean>
		 
    <!-- Registration of new models -->
    <bean id="it.abd.alfresco.webdesktop.amp.dictionaryBootstrap" parent="dictionaryModelBootstrap" depends-on="dictionaryBootstrap">
        <property name="models">
            <list>
				<value>alfresco/module/${project.artifactId}/model/WebdesktopBaseModel.xml</value>
                <value>alfresco/module/${project.artifactId}/model/ContatoriModel.xml</value>
                <value>alfresco/module/${project.artifactId}/model/EsbSignatureModel.xml</value>
                <value>alfresco/module/${project.artifactId}/model/LookupModel.xml</value>
                <value>alfresco/module/${project.artifactId}/model/esbMailModel.xml</value>
                <value>alfresco/module/${project.artifactId}/model/ConservazioneModel.xml</value>
                <value>alfresco/module/${project.artifactId}/model/AlboPretorio2Model.xml</value>
                <value>alfresco/module/${project.artifactId}/model/ModelliConservabili.xml</value>
                <value>alfresco/module/${project.artifactId}/model/ProtocolloModel.xml</value>
            </list>
        </property>
    </bean>
	


</beans>
