<?xml version='1.0' encoding='UTF-8'?>
<beans xmlns="http://www.springframework.org/schema/beans"
       xmlns:xsi="http://www.w3.org/2001/XMLSchema-instance"
       xsi:schemaLocation="http://www.springframework.org/schema/beans
          http://www.springframework.org/schema/beans/spring-beans-3.0.xsd">
    
    <!-- MyBatis-Spring sqlSessionFactory  -->
    <bean id="customRepoSqlSessionFactory" class="org.alfresco.ibatis.HierarchicalSqlSessionFactoryBean">
        <property name="resourceLoader" ref="dialectResourceLoader"/>
        <property name="dataSource" ref="dataSource"/>
        <property name="configLocation">
            <value>classpath:alfresco/module/${project.artifactId}/context/cannedQueries-SqlMapConfig.xml</value>
        </property>
    </bean>
   
    <!-- MyBatis-Spring sqlSessionTemplate -->
    <bean id="customSqlSessionTemplate" class="org.mybatis.spring.SqlSessionTemplate">
        <constructor-arg index="0" ref="customRepoSqlSessionFactory"/>
    </bean>
    
    <!-- 
        Alternativa al cannedQueryDAO de Alfresco definido en alfresco/dao/dao-context.xml
        que carga el customSqlSessionTemplate, que a su vez usa customSqlSessionFactory que
        incorpora los ibatis/XXX-SqlMapConfig.xml de la extensión desarrollada.
    -->
    <bean id="customCannedQueryDAO" class="org.alfresco.repo.domain.query.ibatis.CannedQueryDAOImpl" init-method="init">
        <property name="sqlSessionTemplate" ref="customSqlSessionTemplate"/>
        <property name="controlDAO" ref="controlDAO"/>
    </bean>
    
</beans>