<?xml version='1.0' encoding='UTF-8'?>
<beans xmlns="http://www.springframework.org/schema/beans"
       xmlns:xsi="http://www.w3.org/2001/XMLSchema-instance"
       xsi:schemaLocation="http://www.springframework.org/schema/beans
          http://www.springframework.org/schema/beans/spring-beans-3.0.xsd">
          
       <!-- OVVERRIDE DELL LOG4J DI ALFRESCO-SHARE -->
	   <bean id="log4JHierarchyInit" class="org.alfresco.repo.admin.Log4JHierarchyInit" init-method="init">
	     <property name="extraLog4jUrls">
	         <list>
	           	  <!-- NOTE: value entries are listed from lowest precedence to highest.  -->
          
		          <!--  Installed  AMP modules  -->
		          <value>classpath*:alfresco/module/*/log4j.properties</value>
		          
		          <!--  Other installed extensions  -->
		          <value>classpath*:alfresco/extension/*-log4j.properties</value>
		          
		          <!--  private developer overrides -->
		          <value>classpath*:alfresco/extension/dev-log4j.properties</value>
	         </list>
	     </property>
	   </bean>	
</beans>