<?xml version='1.0' encoding='UTF-8'?>
<beans xmlns="http://www.springframework.org/schema/beans"
       xmlns:xsi="http://www.w3.org/2001/XMLSchema-instance"
       xsi:schemaLocation="http://www.springframework.org/schema/beans
          http://www.springframework.org/schema/beans/spring-beans-3.0.xsd">
	
	
	<bean id="configurazioniBeanCompleto" class="it.abd.alfresco.bean.ConfigurazioniBean"> <!--  init-method="init">  -->
        <property name="nodeService" ref="NodeService" />
		<property name="searchService" ref="SearchService" />
		<property name="contentService" ref="ContentService" />
		<property name="namespacePrefixResolver" ref="namespaceService" />
		<property name="aooBean" ref="aooBean" />
		<property name="cartellaConfigurazioni">
        	<value>${aoo.cartella.configurazioni}</value>
    	</property>
    	<property name="risorseConfigurazioni">
    		<list>
    			<value>classpath:it.abd.properties.alboPretorioWebdesktop</value>
        		<value>classpath:it.abd.properties.override-alboPretorioWebdesktop</value>
        		<value>classpath:it.abd.properties.conservazioneWebdesktop</value>
        		<value>classpath:it.abd.properties.override-conservazioneWebdesktop</value>
        		<value>classpath:it.abd.properties.webdesktopProtocollo</value>
        		<value>classpath:it.abd.properties.override-webdesktopProtocollo</value>
        		<value>classpath:it.abd.properties.webdesktopFilingClassificazione</value>
        		<value>classpath:it.abd.properties.override-webdesktopFilingClassificazione</value>
        		<value>classpath:it.abd.properties.esbMailService</value>
        		<value>classpath:it.abd.properties.override-esbMailService</value>
        		<value>classpath:it.abd.properties.webdesktopPaComplianceAbdService</value>
        		<value>classpath:it.abd.properties.override-webdesktopPaComplianceAbdService</value>
        		<value>classpath:it.abd.properties.service</value>
        		<value>classpath:it.abd.properties.override-service</value>
        		<value>alfresco:webdesktop.properties</value>
    		
        		<value>classpath:it.abd.properties.alboPretorioAlfresco</value>
        		<value>classpath:it.abd.properties.override-alboPretorioAlfresco</value>
        		<value>classpath:it.abd.properties.conservazioneAlfresco</value>
        		<value>classpath:it.abd.properties.override-conservazioneAlfresco</value>
        		<value>classpath:it.abd.properties.alfrescoWebdesktopProtocollo</value>
        		<value>classpath:it.abd.properties.override-alfrescoWebdesktopProtocollo</value>
        		<value>classpath:it.abd.properties.alfresco</value>
        		<value>classpath:it.abd.properties.override-alfresco</value>
        		<value>alfresco:alfresco.properties</value>
    		</list>
    	</property>
    </bean>
	
	<bean id="importazioneGruppiExcel" class="it.abd.alfresco.actions.importazione.ImportazioneGruppiExcel" parent="action-executer">
		<property name="nodeService" ref="NodeService" />
		<property name="contentService" ref="ContentService" />
		<property name="authorityService" ref="AuthorityService" />
	</bean>
	
	<bean id="importazioneCategorieExcel" class="it.abd.alfresco.actions.importazione.ImportazioneCategorieExcel" parent="action-executer">
		<property name="nodeService" ref="NodeService" />
		<property name="contentService" ref="ContentService" />
		<property name="categoryService" ref="CategoryService" />
		<property name="searchService" ref="SearchService" />
		<property name="namespacePrefixResolver" ref="namespaceService" />
	</bean>
	
	<!-- SETUP -->
	
	<bean id="configurazioniAllBaseWebdesktop" class="it.abd.alfresco.bean.ConfigurazioniBean">
        <property name="nodeService" ref="NodeService" />
		<property name="searchService" ref="SearchService" />
		<property name="contentService" ref="ContentService" />
		<property name="namespacePrefixResolver" ref="namespaceService" />
		<property name="aooBean" ref="aooBean" />
		<property name="cartellaConfigurazioni">
        	<value>${aoo.cartella.configurazioni}</value>
    	</property>
    	<property name="risorseConfigurazioni">
    		<list>
    		    <value>classpath:it.abd.properties.alboPretorioWebdesktop</value>
        		<value>classpath:it.abd.properties.override-alboPretorioWebdesktop</value>
        		<value>classpath:it.abd.properties.conservazioneWebdesktop</value>
        		<value>classpath:it.abd.properties.override-conservazioneWebdesktop</value>
        		<value>classpath:it.abd.properties.webdesktopProtocollo</value>
        		<value>classpath:it.abd.properties.override-webdesktopProtocollo</value>
        		<value>classpath:it.abd.properties.webdesktopFilingClassificazione</value>
        		<value>classpath:it.abd.properties.override-webdesktopFilingClassificazione</value>
        		<value>classpath:it.abd.properties.esbMailService</value>
        		<value>classpath:it.abd.properties.override-esbMailService</value>
        		<value>classpath:it.abd.properties.webdesktopPaComplianceAbdService</value>
        		<value>classpath:it.abd.properties.override-webdesktopPaComplianceAbdService</value>
        		<value>classpath:it.abd.properties.service</value>
        		<value>classpath:it.abd.properties.override-service</value>
    		</list>
    	</property>
    </bean>
    
    <bean id="configurazioniAllBaseAlfresco" class="it.abd.alfresco.bean.ConfigurazioniBean">
        <property name="nodeService" ref="NodeService" />
		<property name="searchService" ref="SearchService" />
		<property name="contentService" ref="ContentService" />
		<property name="namespacePrefixResolver" ref="namespaceService" />
		<property name="aooBean" ref="aooBean" />
		<property name="cartellaConfigurazioni">
        	<value>${aoo.cartella.configurazioni}</value>
    	</property>
    	<property name="risorseConfigurazioni">
    		<list>
    		    <value>classpath:it.abd.properties.alboPretorioAlfresco</value>
        		<value>classpath:it.abd.properties.override-alboPretorioAlfresco</value>
        		<value>classpath:it.abd.properties.conservazioneAlfresco</value>
        		<value>classpath:it.abd.properties.override-conservazioneAlfresco</value>
        		<value>classpath:it.abd.properties.alfrescoWebdesktopProtocollo</value>
        		<value>classpath:it.abd.properties.override-alfrescoWebdesktopProtocollo</value>
        		<value>classpath:it.abd.properties.alfresco</value>
        		<value>classpath:it.abd.properties.override-alfresco</value>
    		</list>
    	</property>
    </bean>
	
	<bean id="setupAOOExcel" class="it.abd.alfresco.actions.importazione.SetupAOOExcel" parent="action-executer">
		<property name="nodeService" ref="NodeService" />
		<property name="contentService" ref="ContentService" />
		<property name="aooBean" ref="aooBean" />
		<property name="searchService" ref="SearchService" />
		<property name="permissionService" ref="PermissionService" />
		<property name="actionService" ref="ActionService" />
		<property name="namespacePrefixResolver" ref="namespaceService" />
		<property name="configurazioniAllBaseWebdesktop" ref="configurazioniAllBaseWebdesktop" />
		<property name="configurazioniAllBaseAlfresco" ref="configurazioniAllBaseAlfresco" />
		<property name="authorityService" ref="AuthorityService" />
		<property name="ruleService" ref="RuleService" />
	</bean>
	
	<bean id="RimuoviIndicizzazioneContenutiGlobaleAction" class="it.abd.alfresco.actions.RimuoviIndicizzazioneContenutiGlobaleAction" parent="action-executer">
		<property name="nodeService" ref="NodeService" />
		<property name="searchService" ref="SearchService" />
		<property name="namespacePrefixResolver" ref="namespaceService" />
		<property name="transactionService" ref="TransactionService" />
		<property name="contentService" ref="ContentService" />
		<property name="aooBean" ref="aooBean" />
	</bean>
	
	<bean id="scaricaMetadatiSelezioneAction" class="it.abd.alfresco.actions.ScaricaMetadatiSelezioneAction" parent="action-executer">
		<property name="nodeService" ref="NodeService" />
		<property name="searchService" ref="SearchService" />
		<property name="contentService" ref="ContentService" />
		<property name="configurazioniBean" ref="configurazioniBeanCompleto" />
		<property name="dictionaryService" ref="DictionaryService" />
	</bean>
   
	<bean id="queryListaFlussi" class="it.abd.alfresco.filing.actions.QueryListaFlussi" parent="action-executer">
		<property name="nodeService" ref="NodeService" />
		<property name="searchService" ref="SearchService" />
		<property name="permissionService" ref="PermissionService" />
	</bean>
	
	<bean id="spostaInFlusso" class="it.abd.alfresco.filing.actions.SpostaInFlusso" parent="action-executer">
		<property name="nodeService" ref="NodeService" />
		<property name="authenticationService" ref="AuthenticationService" />
		<property name="ownableService" ref="OwnableService" />
	</bean>
	
    <bean id="generaRepertoriGiornalieriNew" class="it.abd.alfresco.filing.actions.GeneraRepertoriGiornalieriNew" parent="action-executer">
    	<property name="nodeService" ref="NodeService" />
    	<property name="transactionService" ref="TransactionService" />
    	<property name="actionService" ref="ActionService" />
    	<property name="permissionService" ref="PermissionService" />
    	<property name="semaforoContatori" ref="SemaforoContatori" />
    	<property name="cannedQueryDAO" ref="customCannedQueryDAO" />
		<property name="qnameDAO" ref="qnameDAO" />
		<property name="configurazioniBean" ref="configurazioniBeanCompleto" />
	</bean>
	
	<!-- AZIONI TEMPORANEE -->
	
	<bean id="eliminaDocumentiSenzaProtocolloAction" class="it.abd.alfresco.actions.tmp.EliminaDocumentiSenzaProtocolloAction" parent="action-executer">
		<property name="nodeService" ref="NodeService" />
		<property name="searchService" ref="SearchService" />
	</bean>
	
	<bean id="eliminaDocumentiConHashAction" class="it.abd.alfresco.actions.tmp.EliminaDocumentiConHashAction" parent="action-executer">
		<property name="nodeService" ref="NodeService" />
		<property name="searchService" ref="SearchService" />
		
		<property name="eliminaAllegati">
        	<value>true</value>
    	</property>
    	<property name="eliminaFascicoliVuoti">
        	<value>true</value>
    	</property>
    	<property name="hashDaEliminare">
    		<list>
    		    <value>61d78d4fba50255910bae0c0193a55878b4e797671af8ffc03b554fef951d389</value>
        		<value>14607b41a26b561e8cf0d306edb9bc3f5417f1549de599c8745aee5e8569c05e</value>
        		<value>844b7b53cc22a8ff047e38fd86e7c9c351103ef3e9a92c0bc2300bd691ec833a</value>
        		<value>f11ec80c2e26a7d36a9d3821a6f5961aa0253bc8f3ccf9f0372e865991fb78c3</value>
        		<value>9b996604fdee4861256df462203ccfb18134db6bc2aecb63f2f8d545450d34d2</value>
        		<value>5948622c4734f0ee6f4d2ef1f672fd0de9143882e44d925773dc196f160d7270</value>
        		<value>113bc478e3ff14fb4eba88e294e97e28da37064908641e4c9c29951d4fd5ad30</value>
        		<value>76353e26fe2d693b98c302fcb19baa2b45c2f3e1574a4cdb8fd5e01b252db0d2</value>
        		<value>94a09c5ff4bb3060261221c0965e138be07cf6612c88ba616c5c652e998cab38</value>
        		<value>24dd3329442ad0d16b28c8eb07c18dbb68f6cd1f397ee348c17a28fd9e0be1a9</value>
        		<value>0c15ac8e64864993ea65c37e3a70781f46c9f2196d2d263dcf639532eb5275af</value>
        		<value>c123f5dc9802b9faebe970d73876e48dcbc1fc30b07bf5db9a985a3db2ddd686</value>
        		<value>b59c15a16108efa61046fface5a9dd6f3fa8993fb58b3105bfa59d824f4bc4b0</value>
        		<value>2dde7fa20cf19fb0c8624613ae4d261e695f35cc390929d39ab346bbffa484fd</value>
        		<value>2c979c046a330e7bbe8f05f3137f60e00e528ff9e322c2d04f0bd50f1aab0c12</value>
        		<value>e36da446709b311b9cbaa6ebcc0c72fab9a8737ee8e7bb378cfa1091b1bbafb6</value>
        		<value>9adadbc1c1f370079e912cb55437cc01e24775b2479cdaa29246f4c968791c65</value>
        		<value>365b6dc7be254d5ddf3cfbdf0b3d13458e46a571c59f1d100c0f1965e0633150</value>
        		<value>7ec9bea46ef5a2d359457461051ace0f5fd4d7f9d73f6beeac89131a79e13d4a</value>
        		<value>af8f9a09fff60b64c1e1cf43bc4e1765a457cb1eb1d85acedcada1be6cb23966</value>
        		<value>7f18547be0821409f15ff4cbbd3e8a8904522cc01b1d4856c9a9d815c861f8ae</value>
        		<value>4ddd47e29a9264f70f3372da62eda7a3333bf79f6916f77fd1494136406f12e8</value>
        		<value>362c6f3fcc1a851e9084be8a3e607d3ab9eca2e748d75b64fb78a8d6099952e3</value>
    		</list>
    	</property>
	</bean>
	
    <!-- AZIONE TEMPORIZZATA PULIZIA BEAN -->
    
    <bean id="pulisciVisualizzazioneBeanABDTemplate" class="org.alfresco.repo.action.scheduled.SimpleTemplateActionDefinition">
        <property name="actionName">
            <value>pulisciVisualizzazioneBeanABD</value>
        </property>
        <property name="parameterTemplates">
            <map>
                <entry>
                    <key>
                        <value>param</value>
                    </key>
                    <value>value</value>
                </entry>         
            </map>
        </property>
        <property name="templateActionModelFactory">
            <ref bean="templateActionModelFactory"/>
        </property>
        <property name="dictionaryService">
            <ref bean="DictionaryService"/>
        </property>
        <property name="actionService">
            <ref bean="ActionService"/>
        </property>
        <property name="templateService">
            <ref bean="TemplateService"/>
        </property>
    </bean>
    
    <bean id="pulisciVisualizzazioneBeanABDTemporizzato" class="org.alfresco.repo.action.scheduled.CronScheduledQueryBasedTemplateActionDefinition">
        <property name="transactionMode">
            <value>UNTIL_FIRST_FAILURE</value>
        </property>
        <property name="compensatingActionMode">
            <value>IGNORE</value>
        </property>
        <property name="searchService">
            <ref bean="SearchService"/>
        </property>
        <property name="templateService">
            <ref bean="TemplateService"/>
        </property>
        <property name="queryLanguage">
            <value>lucene</value>
        </property>
        <property name="stores">
            <list>
                <value>workspace://SpacesStore</value>
            </list>
        </property>
        <property name="queryTemplate">
            <value>PATH:"/app:company_home"</value>
        </property>
        <property name="cronExpression">
        	<value>0 0/20/40 * * * ?</value>
        </property>
        <property name="jobName">
            <value>job2</value>
        </property>
        <property name="jobGroup">
            <value>jobGroup2</value>
        </property>
        <property name="triggerName">
            <value>trigger2</value>
        </property>
        <property name="triggerGroup">
            <value>triggerGroup2</value>
        </property>
        <property name="scheduler">
            <ref bean="schedulerFactory"/>
        </property>
        <property name="actionService">
            <ref bean="ActionService"/>
        </property>
        <property name="templateActionModelFactory">
            <ref bean="templateActionModelFactory"/>
        </property>
        <property name="templateActionDefinition">
            <ref bean="pulisciVisualizzazioneBeanABDTemplate"/>
        </property>
        <property name="transactionService">
            <ref bean="TransactionService"/>
        </property>
        <property name="runAsUser">
            <value>admin</value>
        </property>
    </bean>
    
    <bean id="esegui-copia-mail-action" class="it.abd.esb.actions.mail.CopyMailActionExecuter" parent="action-executer">
    	<property name="nodeService">
        	<ref bean="NodeService" />
    	</property>
    	<property name="fileFolderService">
        	<ref bean="FileFolderService" />
    	</property>
    </bean>
    
    <bean id="eliminaMailActionExecuter" class="it.abd.esb.actions.mail.EliminaMailActionExecuter" parent="action-executer">
    	<property name="configurazioniBean">
        	<ref bean="configurazioniBeanCompleto" />
    	</property>
    	<property name="nodeService">
        	<ref bean="NodeService" />
    	</property>
    </bean>
    
   <bean id="correggiEmailAction" class="it.abd.alfresco.filing.actions.CorreggiEmailBody" parent="action-executer">
    	<property name="nodeService" ref="NodeService" />
    	<property name="cannedQueryDAO" ref="customCannedQueryDAO" />
		<property name="qnameDAO" ref="qnameDAO" />
	</bean>
	
	<bean id="RimuoviConservazioneDaFascicoloRicorsivoAction" class="it.abd.alfresco.actions.RimuoviConservazioneDaFascicoloRicorsivoAction" parent="action-executer">
		<property name="nodeService" ref="NodeService" />
	</bean>
	

	
</beans>