<?xml version='1.0' encoding='UTF-8'?>
<beans xmlns="http://www.springframework.org/schema/beans"
       xmlns:xsi="http://www.w3.org/2001/XMLSchema-instance"
       xsi:schemaLocation="http://www.springframework.org/schema/beans
          http://www.springframework.org/schema/beans/spring-beans-3.0.xsd">
      
	<!-- *********************************************** -->
	<!-- AZIONI E WEBSCRIPT DI FIRMA                     -->
	<!-- *********************************************** -->
	
	<!--  Definizione Azione di Firma --> 
   
	<bean id="abdSignAction" class="it.abd.alfresco.actions.SignAction" parent="action-executer">
    	<property name="contentService">
    		<ref bean="ContentService"/>
        </property>
    	<property name="nodeService">
    		<ref bean="NodeService"/>
    	</property>
    	<property name="configurazioniBean">
        	<ref bean="configurazioniBeanCompleto" />
    	</property>
	</bean>
	
	
	<bean id="abdDetectSignAction" class="it.abd.alfresco.actions.DetectPadesSignAction" parent="action-executer">
    	<property name="contentService">
    		<ref bean="ContentService"/>
        </property>
	</bean> 
	
	<!-- capire cosa distrugge questo -->
	
    <!-- controlla context slingshot del modulo share -->
    <!-- it.abd.alfresco.actions.SignAction -->
      
    <bean id="signSurfAction" class="it.abd.alfresco.actions.SignSurfAction" parent="action-executer">
		<property name="contentService">
    		<ref bean="ContentService"/>
        </property>
    	<property name="nodeService">
    		<ref bean="NodeService"/>
    	</property>
    	<property name="actionService">
    		<ref bean="ActionService"/>
    	</property>
    	<property name="configurazioniBean">
        	<ref bean="configurazioniBeanCompleto" />
    	</property>   	
	</bean>
	<!-- RICORDA ID del bean del webscript equivale alla path all interno della cartella di configurazione amp di alfresco -->
	<bean id="webscript.it.abd.getpropertiesaoo.getpropertiesaoo.get"  											     
		  class="it.abd.alfresco.webscripts.GetPropertiesAooWebScript"
		  parent="webscript">		 
	    	<property name="configurazioniBean">
	        	<ref bean="configurazioniBeanCompleto" />
	    	</property>
			<property name="contentService">
    			<ref bean="ContentService"/>
	        </property>
	    	<property name="nodeService">
	    		<ref bean="NodeService"/>
	    	</property>
	    	<property name="searchService">
	    		<ref bean="SearchService"/>
	    	</property>
	</bean>
	<!-- DA RIVEDERE -->
	<!-- punta allo script nel repo tier generati
	il template dell'id deve essere id="org.alfresco.repo.jscript.ClasspathScriptLocation" -->	
	<!--  
	<bean id="signSurfActionMultiSelect" parent="script">
      <property name="scriptLocation">
	      <bean class="it.abd.alfresco.actions.SignSurfAction">
		      <constructor-arg>
		         <value>alfresco/extension/scripts/signSurfAction.js</value>
		      </constructor-arg>
		   </bean>
	   </property>
	</bean>
	-->
	
	
	<!-- webscript che utilizza il meccanismo di modello javascript -->
	<!--  
	<bean id="it.abd.getpropertiesaoo2.get"  											     
		  class="it.abd.webdesktop.webscript.GetPropertiesAooWebScript"
		  parent="baseJavaScriptExtension">
		    <property name="extensionName" value="getpropertiesaoo" />
		 	<property name="configurazioniBeanCompletoLocale">
    	 		<ref bean="configurazioniBeanCompletoLocale"/>
    	  	</property>
			<property name="contentService">
    			<ref bean="ContentService"/>
	        </property>
	    	<property name="nodeService">
	    		<ref bean="NodeService"/>
	    	</property>
	    	<property name="searchService">
	    		<ref bean="SearchService"/>
	    	</property>
	</bean>
	-->	
	
	<!-- =========================================================== -->
	<!-- load the custom model messages properties -->
	<!-- 
	<bean id="digitalSigningPropertiesPlaceHolder"
		class="org.springframework.beans.factory.config.PropertyPlaceholderConfigurer">
		<property name="ignoreUnresolvablePlaceholders">
			<value>true</value>
		</property>
		<property name="ignoreResourceNotFound">
			<value>true</value>
		</property>
		<property name="locations">
			<list>
				<value>classpath:alfresco/module/messages/digitalSigning.properties</value>
			</list>
		</property>
	</bean>
    -->
	<!-- load the custom content model -->
	<!--  
    <bean id="digitalSigning-model" parent="dictionaryModelBootstrap" depends-on="dictionaryBootstrap">
		<property name="models">
			<list>
				<value>alfresco/module/digitalSigning/model/digitalSigningModel.xml</value>
			</list>
		</property>
		<property name="labels">
            <list>
                <value>alfresco/module/digitalSigning/messages/signingContentModel-messages</value>
            </list>
        </property>
    </bean>
    -->

	<!-- Signing service -->
	<!--  
	<bean id="digitalSigningService" class="org.alfresco.plugin.digitalSigning.service.SigningService">
		<property name="nodeService" ref="nodeService" />
		<property name="dictionaryService" ref="dictionaryService" />
		<property name="contentService" ref="contentService" />
		<property name="fileFolderService" ref="fileFolderService" />
		<property name="contentTransformerRegistry" ref="contentTransformerRegistry" />
		<property name="metadataEncryptor" ref="metadataEncryptor" />
	</bean>
	-->
	
	<!-- Digital Signing action -->
	<!--  
	<bean id="digitalSigning-action" class="org.alfresco.plugin.digitalSigning.action.SigningActionExecuter" parent="action-executer">   	
    	<property name="authenticationService" ref="authenticationService" />
		<property name="personService" ref="personService" />
		<property name="nodeService" ref="nodeService" />
  	</bean>
  	-->
  	
  	<!-- Sign service javaScript API -->
  	<!--  
  	<bean id="digitalSigningScript" parent="baseJavaScriptExtension"
		class="org.alfresco.plugin.digitalSigning.script.SigningServiceScript">
		<property name="extensionName">
			<value>digitalSigning</value>
		</property>
		<property name="authenticationService" ref="authenticationService" />
		<property name="personService" ref="personService" />
		<property name="nodeService" ref="nodeService" />
	</bean>
	-->

	<!-- *********************************************** -->
	
	 <!-- if a webscript -->
    <!--  
    <bean id="readpropertybeancompletowebscript" class="it.abd.share.bean.ReadPropertyWebScript" parent="webscript">    	
	    <property name="propertiesBeanCompleto">
	        <ref bean="configurazioniBeanCompleto"></ref>
	    </property> 
	     <property name="propertiesAllBaseWebdesktop">
	        <ref bean="configurazioniAllBaseWebdesktop"></ref>
	    </property>
	    <property name="propertiesAllBaseAlfresco">
	        <ref bean="configurazioniAllBaseAlfresco"></ref>
	    </property> 
	</bean> 
	-->
	<!-- if a action -->
	<!--  
	<bean id="readpropertybeancompletoactionexecuter" class="it.abd.share.bean.ReadPropertyActionExecuter" parent="action-executer"> 
        <property name="propertiesBeanCompleto">
	        <ref bean="configurazioniBeanCompleto"></ref>
	    </property> 
	     <property name="propertiesAllBaseWebdesktop">
	        <ref bean="configurazioniAllBaseWebdesktop"></ref>
	    </property>
	    <property name="propertiesAllBaseAlfresco">
	        <ref bean="configurazioniAllBaseAlfresco"></ref>
	    </property> 	    
    </bean> 
    -->
    
    <!-- =========================================================== -->
	<!-- LOAD INTERNAL PROPERTIES  (IN GENERE SI TROVANO LATO SHARE) -->
	<!-- =========================================================== -->
    
    <!-- carico i valori dei porperties sotto la cartella messages -->
    <!--  
    <bean id="sign-action.i18n.resources" class="org.springframework.extensions.surf.util.ResourceBundleBootstrapComponent">
      <property name="resourceBundles">
         <list>
            <value>alfresco.messages.digitalSigning-action</value>
         </list>
      </property>
   </bean>
   -->
    <!-- carico i file di configurazione sotto config/alfresco/web-extension -->
   <!--  
   <bean id="digitalSigning.config.bootstrap" class="org.springframework.extensions.config.ConfigBootstrap" init-method="register" depends-on="webframework.configsource">
      <property name="configService" ref="web.config" />
      <property name="configs">
        <list>
          <value>classpath:alfresco/web-extension/digitalSigning-config-custom.xml</value>
        </list>
      </property>
    </bean>
    -->     
          
	<!-- =========================================================== -->
	<!-- LOAD EXTERNAL PROPERTIES AND LOAD WITH java.util.Properties -->
	<!-- =========================================================== -->
	<!-- 
	<bean id="configurazioniBeanCompletoLocale" class="org.springframework.beans.factory.config.PropertiesFactoryBean">
        <property name="locations">
            <list>                            
        		<value>classpath*:it/abd/properties/alboPretorioWebdesktop.properties</value>
        		<value>classpath*:it/abd/properties/override-alboPretorioWebdesktop.properties</value>
        		<value>classpath*:it/abd/properties/conservazioneWebdesktop.properties</value>
        		<value>classpath*:it/abd/properties/override-conservazioneWebdesktop.properties</value>
        		<value>classpath*:it/abd/properties/webdesktopProtocollo.properties</value>
        		<value>classpath*:it/abd/properties/override-webdesktopProtocollo.properties</value>
        		<value>classpath*:it/abd/properties/webdesktopFilingClassificazione.properties</value>
        		<value>classpath*:it/abd/properties/override-webdesktopFilingClassificazione.properties</value>
        		<value>classpath*:it/abd/properties/esbMailService.properties</value>
        		<value>classpath*:it/abd/properties/override-esbMailService.properties</value>
        		<value>classpath*:it/abd/properties/webdesktopPaComplianceAbdService.properties</value>
        		<value>classpath*:it/abd/properties/override-webdesktopPaComplianceAbdService.properties</value>
        		<value>classpath*:it/abd/properties/service.properties</value>
        		<value>classpath*:it/abd/properties/override-service.properties</value>
        		<value>classpath*:it/abd/properties/webdesktop.properties</value>    		
        		<value>classpath*:it/abd/properties/alboPretorioAlfresco.properties</value>
        		<value>classpath*:it/abd/properties/override-alboPretorioAlfresco.properties</value>
        		<value>classpath*:it/abd/properties/conservazioneAlfresco.properties</value>
        		<value>classpath*:it/abd/properties/override-conservazioneAlfresco.properties</value>
        		<value>classpath*:it/abd/properties/alfrescoWebdesktopProtocollo.properties</value>
        		<value>classpath*:it/abd/properties/override-alfrescoWebdesktopProtocollo.properties</value>
        		<value>classpath*:it/abd/properties/alfresco.properties</value>
        		<value>classpath*:it/abd/properties/override-alfresco.properties</value>       		
            </list>
        </property>
    </bean>
    -->
    
</beans>