<?xml version='1.0' encoding='UTF-8'?>
<beans xmlns="http://www.springframework.org/schema/beans"
       xmlns:xsi="http://www.w3.org/2001/XMLSchema-instance"
       xsi:schemaLocation="http://www.springframework.org/schema/beans
          http://www.springframework.org/schema/beans/spring-beans-3.0.xsd">
	<bean id="webdesktopProperties" parent="common-placeholder-configurer">
    	<property name="locations">
    		<list>
        		<value>classpath:it/abd/properties/service.properties</value>
        		<value>classpath:it/abd/properties/override-service.properties</value>
    		</list>
    	</property>
    	<property name="ignoreResourceNotFound">
    		<value>true</value>
    	</property>
	</bean>
	
	<!-- AZIONI -->
	
	<bean id="aooBean" class="it.abd.alfresco.bean.AooBean"> <!--  init-method="init">  -->
        <property name="nodeService" ref="NodeService" />
		<property name="searchService" ref="SearchService" />
		<property name="namespacePrefixResolver" ref="namespaceService" />
		<property name="aooAbilitate">
        	<value>${aoo.abilitate}</value>
    	</property>
    	<property name="aooListaPath">
        	<value>${aoo.lista.path}</value>
    	</property>
    </bean>
    
    <bean id="pulisciVisualizzazioneBeanABD" class="it.abd.alfresco.actions.PulisciVisualizzazioneBean" parent="action-executer">
    	<property name="visualizzatoreBean" ref="VisualizzatoreBeanABD" />
    	<property name="sessionTimeMinutes">
        	<value>${alfresco.visualizzatoreBean.session}</value>
    	</property>
	</bean>
	
    <bean id="templateActionModelFactory" class="org.alfresco.repo.action.scheduled.FreeMarkerWithLuceneExtensionsModelFactory">
        <property name="serviceRegistry">
            <ref bean="ServiceRegistry"/>
        </property>
    </bean>
    
    <!-- WEBSCRIPT -->
    
    <bean id="webscript.it.abd.multiManage.post" class="it.abd.alfresco.webscripts.MultiManageWebscript" parent="webscript">
		<property name="contentService" ref="ContentService" />
		<property name="nodeService" ref="NodeService" />
		<property name="permissionService" ref="PermissionService" />
		<property name="actionService" ref="ActionService" />
		<property name="dictionaryService" ref="DictionaryService" />
		<property name="transactionService" ref="TransactionService" />
		<property name="versionService" ref="VersionService" />
		<property name="lockService" ref="LockService" />
		<property name="fileFolderService" ref="FileFolderService" />
		<property name="ownableService" ref="OwnableService" />
		<property name="workflowService" ref="WorkflowService" />
		<property name="personService" ref="PersonService" />
		<property name="authorityService" ref="AuthorityService" />
		<property name="semaforoModificaDocumenti" ref="SemaforoModificaDocumenti" />
		<property name="semaforoContatori" ref="SemaforoContatori" />
		<property name="riportaEccezioniComplete">
			<value>${alfresco.multiManage.riportaEccezioniComplete}</value>
    	</property>
	</bean>
	
	<bean id="webscript.it.abd.workflowNavigator.post" class="it.abd.alfresco.webscripts.WorkflowNavigatorWebscript" parent="webscript">
		<property name="nodeService" ref="NodeService" />
		<property name="workflowService" ref="WorkflowService" />
		<property name="namespaceService" ref="NamespaceService" />
		<property name="permissionService" ref="PermissionService" />
		<property name="contentService" ref="ContentService" />
	</bean>		

	<bean id="SemaforoModificaDocumenti" class="it.abd.alfresco.bean.semafori.SemaforoModificaDocumenti"></bean>
	
	<bean id="SemaforoContatori" class="it.abd.alfresco.bean.semafori.SemaforoContatori" init-method="init">
		<property name="searchService" ref="SearchService" />
		<property name="contentService" ref="ContentService" />
		<property name="queryContatore">
			<value>+@conta\:codice:</value>
		</property>
		<property name="aooBean" ref="aooBean" />
		<property name="configurazioniBean" ref="configurazioniBeanCompleto" />
	</bean>

	<bean id="webscript.it.abd.versioningWebscript.post" class="it.abd.alfresco.webscripts.VersioningWebscript" parent="webscript">
		<property name="nodeService" ref="NodeService" />
		<property name="versionService" ref="VersionService" />
		<property name="permissionService" ref="PermissionService" />
	</bean>

	<bean id="webscript.it.abd.filterPagingQuery.post" class="it.abd.alfresco.webscripts.FilterPagingQueryWebscript" parent="webscript">
		<property name="searchService" ref="SearchService" />
		<property name="nodeService" ref="NodeService" />
		<property name="namespaceService" ref="NamespaceService" />
		<property name="permissionService" ref="PermissionService" />
		<property name="contentService" ref="ContentService" />
	</bean>

	<bean id="webscript.it.abd.modelsGetAll.get" class="it.abd.alfresco.webscripts.ModelsGetAllWebscript" parent="webscript">
		<property name="dictionaryService" ref="DictionaryService" />
	</bean>
	
	<bean id="webscript.it.abd.modelsGetAll.post" class="it.abd.alfresco.webscripts.ModelsGetAllWebscript" parent="webscript">
		<property name="dictionaryService" ref="DictionaryService" />
	</bean>

	<bean id="webscript.it.abd.categoryService.post" class="it.abd.alfresco.webscripts.CategoryWebscript" parent="webscript">
		<property name="categoryService" ref="CategoryService" />
		<property name="nodeService" ref="NodeService" />
		<property name="searchService" ref="SearchService" />
		<property name="authenticationService" ref="AuthenticationService" />
		<property name="authorityService" ref="AuthorityService" />
		<property name="gruppiPermesso">
        	<value>GROUP_ALFRESCO_ADMINISTRATORS</value>
    	</property>
	</bean>

	<bean id="webscript.it.abd.userLogin.get" class="it.abd.alfresco.webscripts.UserLoginWebscript" parent="webscript">
		<property name="authorityService" ref="authorityService" />
		<property name="authenticationService" ref="AuthenticationService" />
		<property name="personService" ref="PersonService" />
		<property name="nodeService" ref="NodeService" />
		<property name="enableSSO">
        	<value>${alfresco.sso.enableSSO}</value>
    	</property>
	</bean>
	
	<bean id="webscript.it.abd.downloadService.get" class="it.abd.alfresco.webscripts.DownloadWebscript" parent="webscript">
		<property name="contentService" ref="ContentService" />
		<property name="nodeService" ref="NodeService" />
	</bean>
	
	<bean id="webscript.it.abd.executeActionAndDownloadService.get" class="it.abd.alfresco.webscripts.ExecuteActionAndDownloadWebscript" parent="webscript">
		<property name="contentService" ref="ContentService" />
		<property name="nodeService" ref="NodeService" />
		<property name="actionService" ref="ActionService" />
	</bean>
	
	<bean id="VisualizzatoreBeanABD" class="it.abd.alfresco.bean.VisualizzatoreBean" />
	
	<bean id="webscript.it.abd.visualizzatoreRichiesta.get" class="it.abd.alfresco.webscripts.VisualizzatoreRichiestaWebscript" parent="webscript">
		<property name="authenticationService" ref="AuthenticationService" />
		<property name="visualizzatoreBean" ref="VisualizzatoreBeanABD" />
		<property name="coordinatorUsr" >
			<value>${alfresco.visualizzatoreBean.coordinatorUsr}</value>
		</property>
		<property name="coordinatorPsw" >
			<value>${alfresco.visualizzatoreBean.coordinatorPsw}</value>
		</property>
	</bean>
	
	<bean id="webscript.it.abd.visualizzatoreServizio.get" class="it.abd.alfresco.webscripts.VisualizzatoreServizioWebscript" parent="webscript">
		<property name="visualizzatoreBean" ref="VisualizzatoreBeanABD" />
		<property name="sessionTimeMinutes">
        	<value>${alfresco.visualizzatoreBean.session}</value>
    	</property>
	</bean>
	
	<bean id="webscript.it.abd.visualizzatore.get" class="it.abd.alfresco.webscripts.VisualizzatoreWebscript" parent="webscript">
		<property name="visualizzatoreBean" ref="VisualizzatoreBeanABD" />
		<property name="sessionTimeMinutes">
        	<value>${alfresco.visualizzatoreBean.session}</value>
    	</property>
    	<property name="searchService" ref="SearchService" />
    	<property name="nodeService" ref="NodeService" />
	</bean>
	
	<bean id="webscript.it.abd.usersAndGroups.post" class="it.abd.alfresco.webscripts.UsersAndGroupsWebscript" parent="webscript">
		<property name="authorityService" ref="authorityService" />
		<property name="personService" ref="PersonService" />
		<property name="nodeService" ref="NodeService" />
	</bean>
	
	<bean id="webscript.it.abd.trashcan.post" class="it.abd.alfresco.webscripts.TrashcanWebscript" parent="webscript">
		<property name="nodeService" ref="NodeService" />
		<property name="nodeArchiveService" ref="nodeArchiveService" />
		<property name="namespaceService" ref="NamespaceService" />
		<property name="permissionService" ref="PermissionService" />
	</bean>
	

	<!-- AZIONE TEMPORIZZATA GENERAZIONE REGISTRI -->
    
    <bean id="generaRegistriABDTemplate" class="org.alfresco.repo.action.scheduled.SimpleTemplateActionDefinition">
        <property name="actionName">
            <value>generaRepertoriGiornalieriNew</value>
        </property>
        <property name="parameterTemplates">
            <map>
                <entry>
                    <key>
                        <value>param</value>
                    </key>
                    <value>value</value>
                </entry>         
            </map>
        </property>
        <property name="templateActionModelFactory">
            <ref bean="templateActionModelFactory"/>
        </property>
        <property name="dictionaryService">
            <ref bean="DictionaryService"/>
        </property>
        <property name="actionService">
            <ref bean="ActionService"/>
        </property>
        <property name="templateService">
            <ref bean="TemplateService"/>
        </property>
    </bean>
    
    <bean id="generaRegistriABDTemporizzato" class="org.alfresco.repo.action.scheduled.CronScheduledQueryBasedTemplateActionDefinition">
        <property name="transactionMode">
            <value>ISOLATED_TRANSACTIONS</value>
        </property>
        <property name="compensatingActionMode">
            <value>IGNORE</value>
        </property>
        <property name="searchService">
            <ref bean="SearchService"/>
        </property>
        <property name="templateService">
            <ref bean="TemplateService"/>
        </property>
        <property name="queryLanguage">
            <value>lucene</value>
        </property>
        <property name="stores">
            <list>
                <value>workspace://SpacesStore</value>
            </list>
        </property>
        <property name="queryTemplate">
            <value>PATH:"/app:company_home"</value>
        </property>
        <property name="cronExpression">
        	<value>${registri.temporizzazioneGenerazione.cronExpression}</value>
        </property>
        <property name="jobName">
            <value>job3</value>
        </property>
        <property name="jobGroup">
            <value>jobGroup3</value>
        </property>
        <property name="triggerName">
            <value>trigger3</value>
        </property>
        <property name="triggerGroup">
            <value>triggerGroup3</value>
        </property>
        <property name="scheduler">
            <ref bean="schedulerFactory"/>
        </property>
        <property name="actionService">
            <ref bean="ActionService"/>
        </property>
        <property name="templateActionModelFactory">
            <ref bean="templateActionModelFactory"/>
        </property>
        <property name="templateActionDefinition">
            <ref bean="generaRegistriABDTemplate"/>
        </property>
        <property name="transactionService">
            <ref bean="TransactionService"/>
        </property>
        <property name="runAsUser">
            <value>admin</value>
        </property>
    </bean>

</beans>
