<?xml version='1.0' encoding='UTF-8'?>
<beans xmlns="http://www.springframework.org/schema/beans"
       xmlns:xsi="http://www.w3.org/2001/XMLSchema-instance"
       xsi:schemaLocation="http://www.springframework.org/schema/beans
                http://www.springframework.org/schema/beans/spring-beans-3.0.xsd">
                              
   <!--
    Define beans related to this Share extension here, such as
     evaluators and resource bootstrapping.

     Note. Any configuration related to the whole Share.war webapp
           (i.e. not specific to this share extension) should be
            placed in the alfresco-allinone/share/src/main/resources/alfresco/web-extension/custom-slingshot-application-context.xml file
   -->
   
    <!-- ======================== -->
    <!-- LOAD SHARE-CONFIG-CUSTOM -->
	<!-- ======================== -->

   <bean id="webdesktop-share-amp.config.bootstrap" class="org.springframework.extensions.config.ConfigBootstrap" 
   	init-method="register" depends-on="webframework.configsource">
      <property name="configService" ref="web.config" />
      <property name="configs">
        <list>
            <!--  <value>classpath:META-INF/digitalSigning-config-custom.xml</value> -->
          <value>classpath:META-INF/share-config-custom.xml</value>
        </list>
      </property>
    </bean>
    
    <!-- ======================== -->
    <!-- LOAD INTERNAL PROPERTIES -->
	<!-- ======================== -->
	
    <!-- Add module specific messages and labels -->
    <bean id="webdesktop-share-amp-action.i18n.resources" 
       class="org.springframework.extensions.surf.util.ResourceBundleBootstrapComponent">
      <property name="resourceBundles">
         <list>
            <value>alfresco.web-extension.messages.webdesktop-share-amp-actions-signSurfAction</value>
         </list>
      </property>
   </bean>
   
   <!-- carica file di contesto manualmente dalla direcotry di web extensions invece che in automatico dalla cartella extensions di spring surf -->
   <!--  
   <bean id="digitalSigning.config.bootstrap" class="org.springframework.extensions.config.ConfigBootstrap" init-method="register" depends-on="webframework.configsource">
      <property name="configService" ref="web.config" />
      <property name="configs">
        <list>
          <value>classpath:alfresco/web-extension/digitalSigning-config-custom.xml</value>
        </list>
      </property>
   </bean>
   -->
   
    <!-- ========================= -->
    <!-- LOAD INTERNAL PROPERTIES  -->
    <!-- ========================= -->
     
	<!-- ======================== -->
	<!-- LOAD EXTERNAL PROPERTIES -->
	<!-- ======================== -->
	<!--  
	<bean id="configurazioniBeanCompletoLocaleShare" class="org.springframework.beans.factory.config.PropertyPlaceholderConfigurer">
        <property name="locations">
            <list>
                <value>classpath*:it/abd/properties/alboPretorioWebdesktop.properties</value>
        		<value>classpath*:it/abd/properties/override-alboPretorioWebdesktop.properties</value>
        		<value>classpath*:it/abd/properties/conservazioneWebdesktop.properties</value>
        		<value>classpath*:it/abd/properties/override-conservazioneWebdesktop.properties</value>
        		<value>classpath*:it/abd/properties/webdesktopProtocollo.properties</value>
        		<value>classpath*:it/abd/properties/override-webdesktopProtocollo.properties</value>
        		<value>classpath*:it/abd/properties/webdesktopFilingClassificazione.properties</value>
        		<value>classpath*:it/abd/properties/override-webdesktopFilingClassificazione.properties</value>
        		<value>classpath*:it/abd/properties/esbMailService.properties</value>
        		<value>classpath*:it/abd/properties/override-esbMailService.properties</value>
        		<value>classpath*:it/abd/properties/webdesktopPaComplianceAbdService.properties</value>
        		<value>classpath*:it/abd/properties/override-webdesktopPaComplianceAbdService.properties</value>
        		<value>classpath*:it/abd/properties/service.properties</value>
        		<value>classpath*:it/abd/properties/override-service.properties</value>
        		<value>classpath*:it/abd/properties/webdesktop.properties</value>    		
        		<value>classpath*:it/abd/properties/alboPretorioAlfresco.properties</value>
        		<value>classpath*:it/abd/properties/override-alboPretorioAlfresco.properties</value>
        		<value>classpath*:it/abd/properties/conservazioneAlfresco.properties</value>
        		<value>classpath*:it/abd/properties/override-conservazioneAlfresco.properties</value>
        		<value>classpath*:it/abd/properties/alfrescoWebdesktopProtocollo.properties</value>
        		<value>classpath*:it/abd/properties/override-alfrescoWebdesktopProtocollo.properties</value>
        		<value>classpath*:it/abd/properties/alfresco.properties</value>
        		<value>classpath*:it/abd/properties/override-alfresco.properties</value>
            </list>
        </property>
        <property name="ignoreResourceNotFound" value="true" />
        <property name="ignoreUnresolvablePlaceholders" value="true" />
        <property name="systemPropertiesModeName" value="SYSTEM_PROPERTIES_MODE_OVERRIDE" />
        <property name="searchSystemEnvironment" value="false"/>           
        <property name="propertiesPersister">
            <bean class="org.alfresco.config.AlfrescoPropertiesPersister" />
		</property>
    </bean>
    -->
    
    <!-- =========================================================== -->
	<!-- LOAD EXTERNAL PROPERTIES AND LOAD WITH java.util.Properties -->
	<!-- =========================================================== -->

	<bean id="configurazioniBeanCompletoLocaleShare" class="org.springframework.beans.factory.config.PropertiesFactoryBean">
        <property name="locations">
            <list>                            
        		<value>classpath*:it/abd/properties/alboPretorioWebdesktop.properties</value>
        		<value>classpath*:it/abd/properties/override-alboPretorioWebdesktop.properties</value>
        		<value>classpath*:it/abd/properties/conservazioneWebdesktop.properties</value>
        		<value>classpath*:it/abd/properties/override-conservazioneWebdesktop.properties</value>
        		<value>classpath*:it/abd/properties/webdesktopProtocollo.properties</value>
        		<value>classpath*:it/abd/properties/override-webdesktopProtocollo.properties</value>
        		<value>classpath*:it/abd/properties/webdesktopFilingClassificazione.properties</value>
        		<value>classpath*:it/abd/properties/override-webdesktopFilingClassificazione.properties</value>
        		<value>classpath*:it/abd/properties/esbMailService.properties</value>
        		<value>classpath*:it/abd/properties/override-esbMailService.properties</value>
        		<value>classpath*:it/abd/properties/webdesktopPaComplianceAbdService.properties</value>
        		<value>classpath*:it/abd/properties/override-webdesktopPaComplianceAbdService.properties</value>
        		<value>classpath*:it/abd/properties/service.properties</value>
        		<value>classpath*:it/abd/properties/override-service.properties</value>
        		<value>classpath*:it/abd/properties/webdesktop.properties</value>    		
        		<value>classpath*:it/abd/properties/alboPretorioAlfresco.properties</value>
        		<value>classpath*:it/abd/properties/override-alboPretorioAlfresco.properties</value>
        		<value>classpath*:it/abd/properties/conservazioneAlfresco.properties</value>
        		<value>classpath*:it/abd/properties/override-conservazioneAlfresco.properties</value>
        		<value>classpath*:it/abd/properties/alfrescoWebdesktopProtocollo.properties</value>
        		<value>classpath*:it/abd/properties/override-alfrescoWebdesktopProtocollo.properties</value>
        		<value>classpath*:it/abd/properties/alfresco.properties</value>
        		<value>classpath*:it/abd/properties/override-alfresco.properties</value>       		
            </list>
        </property>
    </bean>

    <!-- ========= -->
	<!-- EVALUATOR -->
	<!-- ========= -->
	
    <bean id="it.abd.alfresco.evaluator.isSignable" class="it.abd.alfresco.evaluator.IsSignableEvaluator">
	    <property name="configurazioniBeanCompletoLocaleShare" ref="configurazioniBeanCompletoLocaleShare" />
    </bean>
            
    <bean id="it.abd.alfresco.evaluator.isPdf" parent="evaluator.doclib.action.isMimetype">
      <property name="mimetypes">
         <list>
            <value>application/pdf</value>
         </list>
      </property>
    </bean>
    
    <bean id="it.abd.alfresco.evaluator.isXml" parent="evaluator.doclib.action.isMimetype">
      <property name="mimetypes">
         <list>
            <value>text/xml</value>
            <value>application/xml</value>
         </list>
      </property>
   	</bean>
   	
   	<bean id="it.abd.alfresco.evaluator.hasAssociation" class="it.abd.alfresco.evaluator.HasAssociationEvaluator">
          <property name="associations">
             <list>
                <value>cm:references</value>
             </list>
          </property>
	</bean> 
   	
   	<!--  
   	<bean id="evaluator.doclib.indicator.digitalSigning.signedDoc" class="org.alfresco.web.evaluator.HasAspectEvaluator">
	      <property name="aspects">
	         <list>
	            <value>dgtsgn:signed</value>
	         </list>
	      </property>
  	 </bean>
  	 -->
  	 
  	 <!--  
  	 <bean id="it.abd.alfresco.evaluator.isSignable" parent="evaluator.doclib.action.chainedMatchOne">
	      <property name="evaluators">
	         <list>
	            <ref bean="it.abd.alfresco.evaluator.isXml" />
	            <ref bean="it.abd.alfresco.evaluator.isPdf" />
	            <ref bean="it.abd.alfresco.evaluator.isSignable" />
	         </list>
	      </property>
     </bean>
	-->
	
</beans>