<extension>
    <modules>
        <module>
            <id>SignSurfAction</id>
            <version>${project.version}</version>
			<auto-deploy>true</auto-deploy>
            <configurations>
                
                <config evaluator="string-compare" condition="DocumentLibrary">             	
                    <indicators>                    
                        <!-- Le icone devono stare su 
                        /src/main/resources/META-INF/components/documentlibrary/indicators/* 
                        puoi usare il nome completo di dimensione "signed-doc-16.png" o "signed-doc"
                        -->   
                        <indicator id="it.abd.indicator.isSigned" 
                            icon="signed-doc-16.png"
                            index="100"
                            label="it.abd.indicator.isSigned.label">
                            <evaluator>it.abd.alfresco.evaluator.isSignable</evaluator>
                        </indicator>
                    </indicators>
                     <!-- Le icone devono stare su 
                       /src/main/resources/META-INF/components/documentlibrary/actions/* 
                       puoi usare il nome completo di dimensione "signed-16.png" o "sign"
                       --> 
                       <!-- it.abd.doclib.action.signSurfAction -->
                    <toolbar-actions>
			      		<action type="action-link" id="onSignSurfAction" label="menu.selected-items.signSurfAction" />
			      	</toolbar-actions>
			      	 <!-- Le icone devono essere settate su file css nella path
                       /src/main/resources/META-INF/resources/* ad esempio
                       e.g. /src/main/resources/META-INF/resources/components/toolbar/custom-toolbar.css
                       puoi usare il nome completo di dimensione "sign-16.png" o "sign"
                       --> 
                       <!-- TODO da rivedere -->
                      <!--  
		      		<multi-select>	      		     
			         	<action type="action-link" id="onActionSignSurfActionMultiSelect" label="menu.selected-items.signSurfAction" icon="sign" asset="document" permission="Write"/>
			      	</multi-select>
			      	-->
			      	
                </config>
				
                <config evaluator="string-compare" condition="DocLibActions">
                    <actions>
                        <!-- Add a Document Library action of the type javascript,
                             meaning it will execute client side JavaScript code.
                             In this case the action will call an Out-of-the-box
                             action JavaScript function called onActionFormDialog, which
                             will assume you want to display a form collecting some
                             data that should then be passed on to a repo action
                             invokation. -->
                       <!-- Le icone devono stare su 
                       /src/main/resources/META-INF/components/documentlibrary/actions/* 
                       puoi usare il nome completo di dimensione "signed-16.png" o "sign"
                       --> 
                      <!-- it.abd.doclib.action.signSurfAction -->
                          
                        <action id="onSignSurfAction" icon="sign" type="javascript"
                            label="it.abd.doclib.action.signSurfAction.label">
                            <param name="function">onActionFormDialog</param>
                            <param name="itemKind">action</param>
                            <param name="itemId">signSurfAction</param> <!-- Repository action id = Spring Bean id -->
                            <param name="mode">create</param>
                            <param name="destination">{node.nodeRef}</param>
                            <param name="successMessage">it.abd.sign.doclib.action.signed.msg.success</param>
                            <param name="failureMessage">it.abd.sign.doclib.action.signed.msg.failure</param>
                            <evaluator>it.abd.alfresco.evaluator.isSignable</evaluator>
                        </action>
						
                        <!-- Add a Document Library action of the type javascript,
                             meaning it will execute client side JavaScript code.
                             In this case it will call a custom JavaScript function that
                             invokes a Web Script-->  
                             
                             <!--  the "function" corrisponde all'id settato nel "multiselect" e al nome 
                             dell'azione registrata nel file javascript settato nel DocLibCustom -->   
                             <!-- TODO da rivedere -->        
                             <!--                                    
                           <action id="onSignSurfActionMultiSelect" type="javascript" label="it.abd.doclib.action.signSurfAction.label">
						      <param name="function">onActionSignSurfActionMultiSelect</param>
						      <param name="action">signSurfAction</param>
						      <param name="successMessage">it.abd.sign.doclib.action.signed.msg.success</param>
						      <param name="failureMessage">it.abd.sign.doclib.action.signed.msg.failure</param>
						      <evaluator>it.abd.alfresco.evaluator.isSignable</evaluator>
						   </action>
						   -->
                          <!-- 
                        <action id="it.abd.sign.doclib.action.callWebScript"
                                icon="callws"
                                type="javascript"
                                label="it.abd.sign.doclib.action.callWebScript.label">
                            <param name="active">true</param>
                            <param name="function">onActionCallWebScript</param>
                            <param name="successMessage">it.abd.sign.doclib.action.callWebScript.msg.success</param>
                            <param name="failureMessage">it.abd.sign.doclib.action.callWebScript.msg.failure</param>
                        </action>
                        -->  
                    </actions>

                    <actionGroups>
                        <!-- We want the doclib actions to be visible in the
                             document-browse and document-details views. -->
                        <actionGroup id="document-browse">                       
                       		 <action index="400" id="onSignSurfAction" />
                        </actionGroup>
                        <actionGroup id="document-details">
                       		 <action index="400" id="onSignSurfAction" />>
                        </actionGroup>
                        <!--  
                        <actionGroup id="document-browse">                       
                       		 <action index="460" id="onSignSurfActionMultiSelect" />
                        </actionGroup>
                        <actionGroup id="document-details">
                       		 <action index="460" id="onSignSurfActionMultiSelect" />
                        </actionGroup>
                        -->
                        <!-- Folder browse view -->
                        <!--  
                       <actionGroup id="folder-browse">
                            <action index="460" id="onSignSurfActionMultiSelect" />
                        </actionGroup>
                        <actionGroup id="folder-details">
                            <action index="460" id="onSignSurfActionMultiSelect" />
                        </actionGroup>
                        -->
                    </actionGroups>
                </config>
				
				<!-- Bring in custom JavaScript functions called by the callWebScript and showCustomMessage
                     DocLib actions defined above -->
                    
                 
                <config evaluator="string-compare" condition="DocLibCustom">
                    <dependencies>    
                        <!-- Le path sono un po mixate in genere e' /src/main/resources/META-INF/resources/* -->   
                        
                        <!-- ALFRESCO 4 -->
                        
                        <!-- /src/main/webapp/extension/panier/components/actions/copy-basket-to-actions.js -->               
                        <!-- <js src="extension/panier/components/actions/add-to-basket-actions.js"/> -->
                         <!-- /src/main/webapp/extension/panier/components/actions/actions.css -->
                        <!--  <css src="extension/panier/components/actions/actions.css"/> -->
                        
                        <!-- ALFRESCO 5 -->
                        
                        <!-- /src/main/resources/META-INF/resources/webdesktop-share-amp/css/toolbar/custom-toolbar.css -->
                        <!--  <js src="/webdesktop-share-amp/actions/onActionSignSurfActionMultiSelect.js"/> -->
                        <css src="/webdesktop-share-amp/css/toolbar/custom-toolbar.css"/>
                        
                        <js src="/webdesktop-share-amp/js/corslite.js"/>
                        <!-- TODO: da discutere con marco se implementare nodejs nel progetto -->
                        <!--  <js src="/webdesktop-share-amp/js/alfresco-js-api/alfresco-js-api.min.js"/> -->
                       
                    </dependencies>
                </config>
                

				<!-- ========================================================= -->
				<!-- FORMS  -->
				<!-- ========================================================= -->
				
				<!-- ============================================================ -->
				<!-- FORM COSTRUITA INLINE ALL'AZIONE CREATE NEL MENU CONTESTUALE -->
				<!-- ============================================================ -->
				
                <!-- SignSurfAction DocLib action form.
                     It matches the fields used by the SignSurfAction Repository action -->
                <config evaluator="string-compare" condition="signSurfAction"> <!-- ID for the Repository Action that this form is associated with -->
                    <forms>                  
                        <form>        
                        	<!--                  
                         	<dependencies>
				                <js src="/components/js/hideBySignType.js" />
				            </dependencies>
				            -->
                        	<edit-form template="/2-column-edit-form.ftl" />
                            <field-visibility>
                            	<show id="firmaProfilo"/>
                            	<show id="firmaTipoProfilo"/>
                            	<show id="firmaTipo"/>
                              
                                <show id="firmaOtp"/>
                                <show id="firmaLuogo"/>
                                <show id="firmaMotivo"/>   
                                <show id="firmaFirmatario"/>                 
                                <show id="firmaUsername"/>
                                <show id="firmaPassword"/>
                                <!--                                                         
                                <show id="fileOverride"/>
                                <show id="fileAttach"/>
								<show id="fileParentId"/>	
								<show id="fileCreateOnAlfresco"/>	
								<show id="firmaFile"/>	
								<show id="firmaLevelBes"/>
								-->
                            </field-visibility>
                            <appearance>
                            
                            	<field id="firmaProfilo" label-id="property.form.sign.firma.profilo">
                            	    <control template="/org/alfresco/components/form/controls/profiloFirmaSelectOneDinamic.ftl"/>
                              		<!-- <control template="/org/alfresco/components/form/controls/profiloFirmaSelectOne.ftl"/>	-->
									<!-- <control-param name="options">0|Firma con Aruba</control-param> -->									
							  	</field>
							  	
							  	<field id="firmaTipoProfilo" label-id="property.form.sign.firma.tipo.profilo">					  	
							  	    <control template="/org/alfresco/components/form/controls/tipoProfiloFirmaSelectOneDinamic.ftl"/>	
                              		<!--  <control template="/org/alfresco/components/form/controls/tipoProfiloFirmaSelectOne.ftl"/> -->
									<!--  <control-param name="options">0|,1|LOCALE,2|REMOTA</control-param> -->									
							  	</field>
                            
                              
                           		<field id="firmaTipo" label-id="property.form.sign.firma.tipo">
                           		    <control template="/org/alfresco/components/form/controls/tipoFirmaSelectOneDinamic.ftl"/>	
                              		<!-- <control template="/org/alfresco/components/form/controls/tipoFirmaSelectOne.ftl"/> -->	
									<!-- <control-param name="options">0|PADES,1|CADES,2|DETACHED</control-param> -->												
							  	</field>
							 	<!-- 
							  	<field id="firmaTipo" label-id="property.form.sign.firma.tipo">
                              		<control template="/org/alfresco/components/form/controls/selectone.ftl"/>
									<control-param name="options">0|PADES,1|CADES,2|DETACHED</control-param>									
							  	</field>
		  						-->
							  	<!-- 
							  	 <field id="myTarget" label="Choose destination">
							          <control template="/org/alfresco/components/form/controls/selectone.ftl">
							            <control-param name="options">0|Intranet,1|Public Site</control-param>
							          </control>
							        </field> 
							  	 -->
                            
                              	<field id="firmaOtp" label-id="property.form.sign.firma.otp">
				                  <control template="/org/alfresco/components/form/controls/textfield.ftl" />
				                  <!--  
				                  <control template="/org/alfresco/components/form/controls/hideIfCades.ftl">
							            <control-param name="contextProperty">OR</control-param>
					        	  </control>
					        	  -->
				              	</field>	
				              	<field id="firmaLuogo" label-id="property.form.sign.firma.luogo">
				                  <control template="/org/alfresco/components/form/controls/textfield.ftl" />
				             	 </field>				              			              
                              	<field id="firmaMotivo" label-id="property.form.sign.firma.motivo">
                                    <control template="/org/alfresco/components/form/controls/textarea.ftl" />
                              	</field> 
                              	<field id="firmaFirmatario" label-id="property.form.sign.firma.firmatario">
                                    <control template="/org/alfresco/components/form/controls/textfield.ftl" />
                              	</field>                            
				             	<field id="firmaUsername" label-id="property.form.sign.firma.username">
                                    <control template="/org/alfresco/components/form/controls/textfield.ftl" />
                             	</field>
                              	<field id="firmaPassword" label-id="property.form.sign.firma.password">
                                    <control template="/org/alfresco/components/form/controls/textfield.ftl" />
                              	</field>
                              	
                              	<!--  Optional or hidden field -->    
                              	<!--                           	
                              	<field id="fileOverride" label-id="property.form.sign.fileOverride">
                                    <control template="/org/alfresco/components/form/controls/checkbox.ftl" />
                              	</field>
                                <field id="fileAttach" label-id="property.form.sign.fileAttach">
                                    <control template="/org/alfresco/components/form/controls/checkbox.ftl" />
                              	</field>
							  	<field id="fileParentId" label-id="property.form.sign.fileParentId">
                                    <control template="/org/alfresco/components/form/controls/association.ftl" />                                    
                                     <control-param name="startLocation">{parent}</control-param>
					                 <control-param name="compactMode">true</control-param>
					                 <control-param name="showTargetLink">true</control-param>
					                 <control-param name="forceEditable">true</control-param>
                              	</field>
                              	<field id="fileCreateOnAlfresco" label-id="property.form.sign.fileCreateOnAlfresco">
                                    <control template="/org/alfresco/components/form/controls/checkbox.ftl" />
                              	</field>
                              	<field id="firmaFile" label-id="property.form.sign.firmaFile">
                                    <control template="/org/alfresco/components/form/controls/association.ftl" />
                                     <control-param name="startLocation">{parent}</control-param>
					                 <control-param name="compactMode">true</control-param>
					                 <control-param name="showTargetLink">true</control-param>
					                 <control-param name="forceEditable">true</control-param>
                              	</field>
                                <field id="firmaLevelBes" label-id="property.form.sign.firmaLevelBes">
                                    <control template="/org/alfresco/components/form/controls/checkbox.ftl" />
                              	</field>
                              	-->
							  <!--  
							  <constraint-handlers>
                                  <constraint type="MANDATORY" validation-handler="Alfresco.forms.validation.myValidator" event="blur" />
                              </constraint-handlers>
                               -->
							           
					           <!-- 
					           <field id="someNumber" label-id="label.create-some.available_some_list">
			                        <control template="/org/alfresco/components/form/controls/createSomething.ftl">
			                            <control-param name="parentNodeRef">{node.nodeRef}</control-param>
			                        </control>
			                    </field>
					            -->
                            </appearance>
                        </form>      
                    </forms>
                </config>   
                <!-- ==================================================================== -->
                <!-- FORM COSTRUITA RICHIAMATA DA UN CODICE JAVASCRIPT PER IL MULTISELECT -->
                <!-- ===================================================================== -->
                <config evaluator="string-compare" condition="onSignSurfActionMultiSelect"> 
				      <forms>
				        <form id="my-edit-form">
				            <edit-form template="/2-column-edit-form.ftl" />
                            <field-visibility>
                            	<show id="firmaProfilo"/>
                            	<show id="firmaTipoProfilo"/>
                            	<show id="firmaTipo"/>                            
                                <show id="firmaOtp"/>
                                <show id="firmaLuogo"/>
                                <show id="firmaMotivo"/>   
                                <show id="firmaFirmatario"/>                 
                                <show id="firmaUsername"/>
                                <show id="firmaPassword"/>
                            </field-visibility>
				            <appearance>
				                <field id="firmaProfilo" label-id="property.form.sign.firma.profilo">
                            	    <control template="/org/alfresco/components/form/controls/profiloFirmaSelectOneDinamic.ftl"/>									
							  	</field>
							  	<field id="firmaTipoProfilo" label-id="property.form.sign.firma.tipo.profilo">					  	
							  	    <control template="/org/alfresco/components/form/controls/tipoProfiloFirmaSelectOneDinamic.ftl"/>										
							  	</field>
                           		<field id="firmaTipo" label-id="property.form.sign.firma.tipo">
                           		    <control template="/org/alfresco/components/form/controls/tipoFirmaSelectOneDinamic.ftl"/>													
							  	</field>
                              	<field id="firmaOtp" label-id="property.form.sign.firma.otp">
				                  <control template="/org/alfresco/components/form/controls/textfield.ftl" />
				              	</field>	
				              	<field id="firmaLuogo" label-id="property.form.sign.firma.luogo">
				                  <control template="/org/alfresco/components/form/controls/textfield.ftl" />
				             	 </field>				              			              
                              	<field id="firmaMotivo" label-id="property.form.sign.firma.motivo">
                                    <control template="/org/alfresco/components/form/controls/textarea.ftl" />
                              	</field> 
                              	<field id="firmaFirmatario" label-id="property.form.sign.firma.firmatario">
                                    <control template="/org/alfresco/components/form/controls/textfield.ftl" />
                              	</field>                            
				             	<field id="firmaUsername" label-id="property.form.sign.firma.username">
                                    <control template="/org/alfresco/components/form/controls/textfield.ftl" />
                             	</field>
                              	<field id="firmaPassword" label-id="property.form.sign.firma.password">
                                    <control template="/org/alfresco/components/form/controls/textfield.ftl" />
                              	</field>
				            </appearance>
				         </form>
				      </forms>
				</config> 
            </configurations>
            
            <!-- ========================================================================= -->
            <!-- FORM ESEMPIO DI UNA FORM ASSOCIATA DIRETTAMENTE A UN MODELLO DI ALFRESCO  -->
            <!-- ========================================================================= -->
            <!--  eagle:project type (creating nodes) -->
            <!--  
		   <config evaluator="model-type" condition="eagle:project">
		      <forms>
		         <!– Document Library Common form –>
		         <form>
		            <field-visibility>
		               <show id="cm:name" />
		               <show id="cm:title" force="true" />
		               <show id="cm:description" force="true" />
		               <show id="eagle:status" />
		               <show id="eagle:projectorid" />
		               <show id="eagle:startDate" />
		               <show id="eagle:endDate" />
		            </field-visibility>
		            <appearance>
		               <field id="cm:title">
		                  <control template="/org/alfresco/components/form/controls/textfield.ftl" />
		               </field>
		               <field id="cm:name">
		                  <control template="/org/alfresco/components/form/controls/textfield.ftl" />
		               </field>
		               <field id="cm:description">
		                  <control template="/org/alfresco/components/form/controls/textarea.ftl" />
		               </field>
		               <field id="eagle:status">
		                  <control template="/org/alfresco/components/form/controls/textfield.ftl" />
		               </field>
		               <field id="eagle:projectorid">
		                  <control template="/org/alfresco/components/form/controls/textfield.ftl" />
		               </field>
		               <field id="eagle:startDate">
		                  <control template="/org/alfresco/components/form/controls/date.ftl" />
		               </field>
		               <field id="eagle:endDate">
		                  <control template="/org/alfresco/components/form/controls/date.ftl" />
		               </field>
		            </appearance>
		         </form>
		      </forms>
		   </config>
            -->
            <!-- ========================================================================= -->
            <!-- FORM ESEMPIO DI UNA FORM ASSOCIATA DIRETTAMENTE A UN NODO DI ALFRESCO  -->
            <!-- ========================================================================= -->
            <!-- 
            <config evaluator="node-type" condition="cm:content">
			      <forms>
			        <form id="my-edit-form">
			            <field-visibility>
			               <show id="cm:title" force="true" />
			            </field-visibility>
			            <appearance>
			                <field id="cm:title">
			                  <control template="/org/alfresco/components/form/controls/textfield.ftl" />
			               </field>
			            </appearance>
			         </form>
			      </forms>
			</config> 
            -->
            
            <!-- ================================= -->
            <!-- CUSTOMIZATION -->
            <!-- ================================= -->
            <!--  
            <customizations>
                <customization>
                   <targetPackageRoot>org.alfresco.share.header</targetPackageRoot> 
                   /src/main/resources/alfresco/site-webscripts/basket/share/header/* 
                   <sourcePackageRoot>basket.share.header</sourcePackageRoot> 
                   /src/main/webapp/extension/panier/modules/header/smile.js 
                     
                    <dependencies>
                        <js src="/extension/panier/modules/header/smile.js"/>
                    </dependencies>
                  
                </customization>
            </customizations>
            -->
        </module>
    </modules>
</extension>